consen,prolific_id,ai_tools_frequency,hours_online_per_day,ai_decision_help_often,ai_decision_confidence_with_ai,ai_decision_reliance_when_difficult,ai_decision_check_before_finalising,ai_decision_clarity_when_unsure,ai_influence_second_guessing,ai_influence_doubt_when_disagree,ai_influence_check_thinking_track,ai_influence_pause_to_check,ai_decision_check_for_importance,ai_influence_change_decision_feeling,ai_influence_reflection_amount,ai_influence_persuasive_effect,ai_influence_separate_judgement,ai_influence_concern_over_reliance,ai_independence_without_ai,ai_influence_decision_thinking,ai_influence_reflect_shaping,ai_influence_conflict,ai_influence_strength_of_conviction,open_text_ai_decision_example,trust_ai_to_act_in_best_interests,what_matters_most,digital_life_effect_on_focus,feelings_about_ai_in_decision_making,ai_values_multi,age_group,gender,country,education_level,work_status,emotional_wellbeing
Yes,6658c4239af9537eefdfbcc9,Rarely,5-6 hours,2,3,4,5,5,5,6,5,5,4,5,5,4,5,5,5,6,5,5,5,"I used AI to decide where to go for dinner, and it chose somewhere which worked quite well. I was curious to see what it would say.",5,5,4,5,"Fairness, Transparency, Accountability",25 - 34,Woman,UK,Postgraduate degree,Employed full time,5
Yes,6604cc1105cf0f2779ae1ae8,Occasionally,More than 12 hours,2,6,6,5,6,6,6,6,6,6,7,6,6,6,7,1,6,6,7,6,if I should retake an admission exam. I could not determine if it would hurt or help me,4,2,6,4,"Fairness, Responsibility, Transparency",25 - 34,Woman,US,Postgraduate degree,Employed full time,4
Yes,673d23b251f56d0010aa50ee,Often,2-4 hours,2,4,2,4,4,1,4,3,6,3,1,1,2,2,4,4,4,2,1,2,Writing an email to a client.  It seemed more efficient to let AI do it,3,6,1,4,"Fairness, Transparency, Accountability",55 - 65,Man,US,Bachelor's degree,Employed full time,7
Yes,5e7dfc715acd1402882e93eb,Occasionally,2-4 hours,1,4,1,1,4,1,4,2,1,2,2,1,5,5,6,4,4,1,1,5,It's sometimes useful to get a wider perspective that might give you points you haven't thought of,4,7,2,3,"Honesty, Responsibility, Transparency",55 - 65,Man,UK,Bachelor's degree,Self-employed / freelance,6
Yes,66d0217be06f8783cc04f0a7,Rarely,2-4 hours,2,4,3,2,3,2,5,3,3,3,2,3,4,5,7,7,4,4,3,3,"I needed to look up a fact. I asked, got my answer, and quickly fact-checked it. I was feeling lazy, which is why I didn't type it or look it up myself. ",4,5,4,3,"Honesty, Responsibility, Human wellbeing",35 - 44,Man,US,Bachelor's degree,Employed full time,5
Yes,66b7f7c21de82a46557aede8,Sometimes,5-6 hours,3,5,5,4,5,2,3,3,2,4,1,5,6,7,7,3,5,6,5,5,"I wanted ChatGPT to help me with the sociological aspects of a decision, to try and tell me why people were acting the way they were, because I couldn't figure it out on my own.",5,3,7,4,"Fairness, Responsibility, Accountability",25 - 34,Man,Canada,Some university/college,Employed part-time,4
Yes,66b23a0f36f80518de0260c2,Rarely,Less than 2 hours,1,1,1,1,1,1,1,1,1,1,1,1,1,1,7,7,1,1,1,1,i have never used ai to make a decision ever ,1,7,5,1,"Transparency, Accountability",18 - 24,Woman,UK,Postgraduate degree,Employed full time,6
Yes,67be04f9cae8554d5724b744,Never,5-6 hours,1,1,1,1,1,2,1,1,1,1,1,1,1,1,1,1,1,1,1,1,I haven't relied on AI in any decision.,1,5,2,1,"Responsibility, Transparency, Accountability",18 - 24,Woman,Canada,Bachelor's degree,Employed full time,7
Yes,676f0d51832c4a60f2d8cb96,Rarely,2-4 hours,1,1,1,1,1,2,2,2,1,1,1,1,1,1,1,4,1,2,2,1,needing help with msth equation,1,3,4,1,"Fairness, Non-harm, Transparency",25 - 34,Woman,US,Some university/college,Employed full time,4
Yes,60ff33eea57872b7188f12e2,Occasionally,5-6 hours,2,4,2,3,2,5,5,5,2,3,5,5,6,6,7,7,5,7,7,6,"I used AI to help me decide how to proceed with a professional project proposal, and I felt like a fraud because I did exactly what it said to do. I was just ""stuck"" and couldn't generate good ideas.",2,6,7,1,"Honesty, Human wellbeing, Non-harm",25 - 34,Woman,US,Postgraduate degree,Employed full time,5
Yes,60b1865e4b541e883632cc4a,Often,11-12 hours,5,3,3,4,5,2,1,5,4,4,1,3,5,6,7,6,3,2,3,4,"asked AI to help finding correct shoe sizes, as the manufacturer website didnt have guidance",2,6,4,4,"Non-harm, Transparency",35 - 44,Man,Ireland,Bachelor's degree,Employed full time,6
Yes,6483605a0d0e43c659c92801,Occasionally,2-4 hours,2,2,2,2,5,5,5,2,1,1,2,2,2,2,2,5,2,2,2,2,to find out AI thoughts on removing 2 child benefit cap,5,5,2,4,"Honesty, Responsibility, Accountability",55 - 65,Woman,UK,Postgraduate degree,Other,3
Yes,5c19da4c5ead950001bdbe86,Rarely,2-4 hours,2,2,1,1,3,1,2,4,2,1,2,2,1,2,3,1,2,2,1,2,Curiosity,1,3,2,4,"Non-harm, Transparency, Accountability",Over 65,Man,New Zealand,Bachelor's degree,Self-employed / freelance,5
Yes,67bde4f3a5da608a987ec1e5,Sometimes,2-4 hours,2,1,1,1,3,1,2,4,2,1,1,1,1,1,5,6,2,2,1,1,I relied to AI because I wanted a feedback about a novel I wrote but was too insecure to share with real people ,1,4,5,1,"Honesty, Responsibility, Transparency",35 - 44,Woman,Canada,High school,Self-employed / freelance,2
Yes,5e121701dc79bd8a1a22ca99,Sometimes,2-4 hours,6,6,4,4,6,1,6,5,2,5,5,3,6,6,7,7,6,6,2,6,"I used AI to help me pick a suitable air compressor for a gift.  I needed help with speed, accuracy and strength topics.",5,6,5,5,"Honesty, Fairness, Transparency",55 - 65,Woman,US,Some university/college,Employed part-time,7
Yes,67701cb8e95b8934348de694,Often,7-8 hours,5,5,5,6,6,5,6,6,6,5,6,6,5,5,5,2,6,6,6,5,It helped me decide what to write in a very professional email to HR,5,5,5,6,"Honesty, Human wellbeing, Transparency",25 - 34,Man,UK,Postgraduate degree,Employed full time,5
Yes,67c535ec3af64efa48e9a601,Often,11-12 hours,2,3,3,2,3,4,3,3,2,2,3,3,2,4,6,5,4,3,3,4,I was thinking about getting a specific design for a tattoo but I wasn't quite sure about it so I asked AI. I turned to it because I wanted a second opinion whether it was a good design and not just whether someone liked the design or not.,5,3,6,2,"Honesty, Empathy, Transparency",18 - 24,Woman,Canada,High school,Student,3
Yes,6266bb8a00f77695fea1ecb0,Rarely,2-4 hours,1,1,1,1,1,3,5,1,1,1,1,5,5,6,7,7,4,5,5,5,Nothing in particular comes to mind ,1,7,4,1,"Empathy, Transparency, Accountability",45 - 54,Man,UK,Some university/college,Not currently working,6
Yes,5d01a8cb892f670015312e1a,Sometimes,7-8 hours,1,1,1,1,2,1,1,1,1,1,1,1,2,1,5,4,1,1,1,1,"Sorry, I don't use AI to make decisions. To me it is an entertainment only thing, it absolutely cannot be trusted to make decisions, because LLMs are just programmed to speak coherently, not to be factually accurate.",1,6,2,1,"Responsibility, Non-harm, Transparency",35 - 44,Man,Canada,Bachelor's degree,Employed full time,4
Yes,673401c52dc6bf17faf8cfd3,Sometimes,More than 12 hours,2,1,1,1,1,1,2,1,1,1,4,1,2,1,7,7,2,3,1,1,I was asking it for suggestions for dinner in town and it suggested i try something ethnic i was not familiar with. I thought about the suggestion but chose something more familiar.,3,6,1,1,"Honesty, Fairness, Transparency",35 - 44,Woman,Canada,Bachelor's degree,Employed full time,6
Yes,65c242831388550b0a42bd25,Sometimes,2-4 hours,3,3,3,5,4,1,1,1,1,1,1,1,1,1,1,6,4,4,2,4,"planning for a recent holiday - used to suss out options at certain times of the year quite quickly
",4,4,4,4,"Transparency, Accountability",45 - 54,Woman,UK,Postgraduate degree,Employed part-time,6
Yes,5e3d57c40d3a26000edff2e1,Very often,More than 12 hours,2,6,4,2,3,1,3,1,1,2,1,1,4,1,1,6,3,1,1,4,I decided what gift to buy my dad for his birthday,7,4,1,6,"Honesty, Human wellbeing, Transparency",18 - 24,Man,UK,Bachelor's degree,Employed full time,3
Yes,610678bb1bfc5138d4957250,Very often,7-8 hours,5,5,3,4,6,1,7,6,4,5,3,2,6,4,7,7,3,5,1,5,Preparing my Christmas shopping list and then using AI to decide which shops used based on this list to get quick recommendations,6,5,6,4,"Honesty, Non-harm, Transparency",35 - 44,Man,UK,Postgraduate degree,Employed full time,5
Yes,63ed0392b8b24c34aaf26310,Everyday,5-6 hours,5,5,6,5,6,1,3,5,3,5,3,3,5,3,1,1,5,1,1,6,i sprained my ankle badly wasnt sure if i should go to hospital i asked AI about all my symptoms and wether or not i should go,5,5,2,6,"Honesty, Responsibility, Non-harm",45 - 54,Woman,UK,Some university/college,Self-employed / freelance,5
Yes,66c49506c24e39d11f5d89fc,Sometimes,5-6 hours,2,2,2,2,2,2,3,2,2,4,3,2,2,2,4,6,3,2,4,3,Making my emails at work sound more professional. I didn't think my words sounded professional enough.,4,6,6,2,"Honesty, Fairness, Transparency",35 - 44,Woman,US,Bachelor's degree,Employed full time,6
Yes,6310A5C786D2ABDA637997C0,Very often,9-10 hours,5,6,5,5,7,2,5,6,5,5,6,4,5,4,4,3,6,4,4,6,I relied on AI tools when I was selling my house to advise me whether to accept an offer. I turned to AI instead of deciding on my own because I don't have experience selling property and I like being able to ask AI about it and ask about what is 'typical' or 'expected' in UK house sales.,6,6,4,5,"Honesty, Fairness, Transparency",35 - 44,Man,UK,Some university/college,Self-employed / freelance,6
Yes,5aafd9eff69e940001d88bf4,Never,7-8 hours,1,1,1,1,1,2,1,1,1,1,1,1,1,1,7,7,1,1,1,1,I can't think of an occasion where this has happened. I use google as a search engine like everyone else but I have never specifically interacted with an AI and would never give it the power to influence my decision making.,1,4,6,1,"Transparency, Accountability",55 - 65,Woman,UK,Bachelor's degree,Self-employed / freelance,4
Yes,5e6387b1b7d70b10675e3a26,Everyday,7-8 hours,6,7,7,4,7,4,6,7,7,7,7,5,7,2,1,4,7,4,1,6,I had a contract that needed summarized and didn't have time to get an attorneys opinion so I used AI to decipher the document contents.,6,7,6,7,"Honesty, Responsibility, Transparency",45 - 54,Man,US,Some university/college,Self-employed / freelance,7
Yes,5cfc7489e289a80016b6e29f,Sometimes,5-6 hours,4,5,5,5,6,3,4,5,5,4,5,5,4,5,7,7,5,4,5,5,I was debating on whether to end my 2 month sobriety streak. I talked to chat GPT about it and it weighed the pros and cons and eventually I decided to end the streak. I turned to AI as I didn't want to be judged and wanted a thoughtful answer quickly. ,6,6,4,4,"Honesty, Human wellbeing, Transparency",25 - 34,Man,US,Bachelor's degree,Employed full time,6
Yes,651ebcca48c60acc82f1f2bd,Often,9-10 hours,2,2,3,1,3,1,3,1,1,2,1,5,4,1,6,7,2,4,2,4,"I wanted info on the rental market (pricing, trends, seasonal factors) to help my decision-making about lease renewal options.  It was quicker than performing the research on my own and it was factual information that I could check for accuracy.",4,7,2,4,"Empathy, Fairness, Non-harm",Over 65,Woman,US,Postgraduate degree,Employed full time,6
Yes,6661b368a58b43154e1c7560,Everyday,9-10 hours,6,6,4,6,6,2,5,6,4,6,2,4,3,3,5,4,4,5,3,5,I used AI to help me buy a new laptop. It was helpful in explaining the terms and comparing one option to another making the choice seem less overwhelming.,4,6,5,5,"Honesty, Non-harm, Transparency",55 - 65,Woman,Canada,Bachelor's degree,Employed full time,6
Yes,69136dffc23976053d4a4166,Everyday,9-10 hours,7,5,6,6,6,4,5,5,5,5,4,5,3,5,7,5,4,5,3,5,"I felt I needed a neutral perspective because the two closest people to me are my partner and my mother, so AI was the natural choice to resolve the conflict I had between them.",3,5,6,3,"Honesty, Non-harm, Transparency",25 - 34,Woman,Canada,Postgraduate degree,Employed full time,6
Yes,67bddcebe21ce17a27294536,Sometimes,5-6 hours,4,6,5,4,6,4,5,5,4,5,3,3,4,4,5,5,5,4,3,5,I had some medical questions and i needed some reinforcement from an AI tool and it gave me a different perspective on ehat i thought,5,5,5,3,"Empathy, Responsibility, Transparency",45 - 54,Man,Canada,Bachelor's degree,Employed full time,5
Yes,60a96f55b7ab20ce0ac1b365,Often,2-4 hours,3,4,4,5,7,2,5,4,2,5,5,6,6,4,5,2,5,5,1,5,I was booking a trip with flights to Berlin. I used AI because I was sure that it was quicker and more reliable. ,5,7,5,6,"Non-harm, Transparency, Accountability",55 - 65,Man,UK,High school,Employed part-time,7
Yes,5ff591cba89e1b000bfb9852,Very often,2-4 hours,4,5,5,4,4,5,5,4,5,4,5,5,5,4,6,5,4,6,4,5,I used AI to help me build a half marathon training program. I relied on the AI over my own knowledge because I did not know what I should do to build strength and endurance on my own.,6,5,6,6,"Honesty, Respect, Accountability",35 - 44,Man,US,Some university/college,Employed full time,5
Yes,66059fee43339868e5634461,Often,7-8 hours,1,4,1,1,4,1,4,1,1,1,1,1,1,4,7,1,1,1,1,1,I never relied on an AI tool to get help to make a decision.,4,7,6,7,"Human wellbeing, Non-harm, Transparency",45 - 54,Man,US,Postgraduate degree,Employed full time,6
Yes,5fcfb1fe79b8060e0662270a,Rarely,2-4 hours,1,1,1,1,1,1,1,1,1,1,1,1,4,4,1,7,1,1,1,1,I have never relied on AI when making a decision.,4,7,1,1,"Honesty, Non-harm, Transparency",55 - 65,Woman,UK,Some university/college,Employed part-time,7
Yes,60a2a8570a0f9cc00d6b9d1a,Very often,7-8 hours,1,6,6,3,6,1,6,6,2,7,1,5,5,6,5,3,6,5,2,6,I used AI to help me with getting my new business started. It helped me confirm the necessary steps.,6,7,2,5,"Honesty, Transparency, Accountability",45 - 54,Woman,US,High school,Self-employed / freelance,5
Yes,5d6376ec7e447f001c971315,Never,9-10 hours,1,1,1,1,1,1,1,1,1,1,1,1,1,7,7,7,1,1,1,1,I never use AI for anything.,1,7,1,1,"Honesty, Fairness, Responsibility",Over 65,Woman,US,Some university/college,Not currently working,7
Yes,56b3edf12bac74000d89e452,Occasionally,More than 12 hours,1,5,1,1,5,5,2,1,2,3,3,5,5,3,6,7,5,2,3,5,"I wanted to buy some vitamins for a health problem I'm having, which I heard it was good for, but the Ai results on google noted that it typically doesn't help as much as people claimed so I didn't end up buying that product and did something else that was more natural and cheaper.",3,5,2,2,"Fairness, Human wellbeing, Transparency",25 - 34,Woman,Canada,Bachelor's degree,Employed full time,4
Yes,5bcc60b95c2b810001dc68e2,Very often,2-4 hours,4,4,4,3,4,4,4,4,3,4,4,4,3,4,4,4,4,4,5,4,I was trying to decide what to watch on TV.,4,4,4,4,"Honesty, Responsibility, Human wellbeing",25 - 34,Man,US,Postgraduate degree,Employed full time,7
Yes,613e157ccd6af6049001ce25,Occasionally,2-4 hours,5,6,5,6,6,6,4,5,6,5,3,4,7,7,6,6,6,5,3,6,I needed to buy a harness for my dog and don't have very much knowledge about them. I wanted to make sure it's the most secure and safest style so I turned to AI,7,7,2,5,"Responsibility, Non-harm, Transparency",Over 65,Woman,US,Bachelor's degree,Other,7
Yes,66ca41de318c12cd9f59b13a,Often,2-4 hours,6,6,6,6,6,1,4,6,4,4,6,5,2,1,2,3,5,3,3,3,How to get out a splinter,1,7,1,6,"Responsibility, Non-harm, Accountability",Over 65,Woman,US,Some university/college,Not currently working,7
Yes,6775c5ef1f8667141b32c256,Occasionally,7-8 hours,1,4,2,4,4,1,4,4,1,1,1,1,1,1,4,4,4,4,2,2,I haven't used AI for decision making.,4,7,1,2,"Honesty, Respect, Human wellbeing",55 - 65,Woman,UK,High school,Not currently working,6
Yes,6143af8721d1445864c4f6c8,Sometimes,More than 12 hours,5,5,2,4,4,2,2,2,2,2,2,2,2,2,2,4,4,4,4,4,I asked AI about a computer part I was looking into and the AI was right about the problem that I was asking about.,6,6,6,6,Human wellbeing,45 - 54,Man,US,Less than high school,Not currently working,6
Yes,5a4563211ba496000102a703,Often,7-8 hours,2,5,3,2,5,5,2,6,2,3,1,2,4,1,6,4,2,1,1,5,I asked AI to help me with some facts about the town I l work in as I needed it for a quiz. I probably could have done some research myself but AI gave me the info super quickly. ,6,6,5,4,"Responsibility, Transparency, Accountability",35 - 44,Woman,UK,Bachelor's degree,Employed part-time,5
Yes,5a59377facc75b00017a4337,Sometimes,5-6 hours,1,1,1,1,1,1,1,1,1,1,1,1,1,1,1,1,1,1,1,1,So far I have only used AI to compose Covering letter and CV doe job applications due to me not being a native in English speaker. This is the only reason why I prefer AI generated ,1,7,7,5,"Honesty, Responsibility, Accountability",35 - 44,Woman,UK,Bachelor's degree,Self-employed / freelance,7
Yes,647e00af96651278d30d298a,Everyday,2-4 hours,3,5,3,5,5,1,3,6,1,3,1,2,3,2,4,4,3,2,1,5,I have been dealing with a subordinate sabotaging me.  I wanted some help getting my thoughts on this more clear.  ,5,6,3,5,"Honesty, Human wellbeing, Transparency",55 - 65,Man,US,Bachelor's degree,Employed full time,6
Yes,5c1655c7ad682500017070d2,Occasionally,2-4 hours,2,1,1,1,1,1,1,1,7,1,1,1,1,1,4,4,1,1,1,1,I used AI for investment advic3.  I turned to AI to get more information and guidance on investment strategies because I thought it would have the knowledge I lacked. ,3,6,2,3,"Honesty, Responsibility, Transparency",35 - 44,Man,US,High school,Employed full time,6
Yes,5c5cad3e4ee81200018eafe2,Very often,5-6 hours,5,6,5,4,5,2,5,5,2,4,5,2,2,2,4,6,2,2,2,5,I knew what I wanted to do but was not sure about the consequences of doing it so I asked AI to give me some possible outcomes. After reading the explanations I felt much more convinced that I was making the right decision and there would be no unexpected outcomes from that.,6,7,4,6,"Honesty, Responsibility, Non-harm",Over 65,Woman,UK,High school,Employed full time,7
Yes,60eb11e45f3e9cb0ae58a090,Occasionally,2-4 hours,2,2,2,2,2,6,4,2,2,2,1,4,4,4,6,6,5,4,3,5,I haven't relied on AI to help me make a decision. I have only used it to search for information. I wouldn't use it to help me make a decision as I don't feel it knows enough about me to do this. ,3,4,5,3,"Fairness, Responsibility, Accountability",35 - 44,Woman,UK,Postgraduate degree,Not currently working,2
Yes,66cb2e0bd2169db778550269,Often,9-10 hours,5,6,5,6,5,2,5,5,4,4,5,6,4,2,5,2,6,4,3,5,I relied on an AI tool to help me decide which park I should visit within the city I live in. I wanted a neutral and objective voice to help me to decide this so I turned to ChatGPT. It was very helpful in guiding me to a good park.,5,6,3,5,"Honesty, Fairness, Transparency",25 - 34,Man,UK,Bachelor's degree,Employed full time,6
Yes,663e58ea6ff4d08e75468c8d,Often,More than 12 hours,3,5,4,3,6,2,4,5,3,3,5,2,2,3,6,4,3,2,4,5,I thought I was making great headway building a friendship with my volleyball partner by asking them questions and getting to know them until one day they said I was being too nosy. I was confused and relayed a general context to chatgpt to see what I can do to amend our relationship.,3,3,1,4,"Fairness, Non-harm, Transparency",35 - 44,Man,Canada,Other,Not currently working,3
Yes,60e88e0b7d305b5fbae3ebef,Often,Less than 2 hours,5,6,6,5,6,2,4,5,5,5,5,5,5,6,7,7,5,6,6,6,I needed help tailoring my resume for a job. Chatgpt helped me to do this and madey resume sound great. It made things easy and more importantly it improved my resume. Only AI could have helped me during this challenge.,5,6,6,6,"Respect, Responsibility, Accountability",35 - 44,Man,US,Postgraduate degree,Employed full time,7
Yes,60b54dde7e4ce8de0f1f24be,Very often,9-10 hours,5,5,5,5,6,4,5,4,3,5,3,3,4,4,3,5,5,2,2,5,The most recent activity that comes to mind was i wanted help rewriting a slide title for a presentation. I turned to AI and asked for assistance.,4,6,6,5,"Non-harm, Accountability",35 - 44,Woman,US,Postgraduate degree,Employed full time,7
Yes,653186a64fa6fef45b591bf9,Everyday,9-10 hours,6,5,5,5,6,2,4,6,4,3,3,3,3,3,2,3,5,2,2,5,"I actually asked if I should fix a floating mortgage (partly offset) that we have or keep it fixed. I did ask AI because of its math ability, though, not for an opinion as such. I did then ask what it thought was best but it did have math to back it up, not a completely opinion based answer. The reason for this is that I thought it would out the outcomes of the interest better than I could.",3,7,3,5,"Honesty, Human wellbeing, Non-harm",35 - 44,Woman,New Zealand,Some university/college,Employed full time,6
Yes,596de39c9fd5ee0001b704c3,Often,7-8 hours,1,4,4,4,5,1,1,5,3,4,7,5,1,6,7,4,1,1,1,4,I use AI to plan a route for my planned holiday. It gives me ideas on what I can do when I am not sure like booking layovers on long haul flights,6,6,7,4,"Responsibility, Transparency, Accountability",55 - 65,Woman,UK,High school,Employed part-time,5
Yes,6304deb78f14a18b18ceed4a,Everyday,5-6 hours,2,2,2,1,2,1,4,1,1,1,1,3,6,1,4,6,2,2,3,2,"I asked the ai about haircuts that may suit me, i used the ai here because it would have access to a wider knowledge bank than me, but i still relied on my own decision",4,7,3,3,"Fairness, Responsibility, Accountability",35 - 44,Man,UK,Bachelor's degree,Employed full time,5
Yes,5ee0edcb962eba464f486b40,Sometimes,5-6 hours,2,4,1,3,6,2,3,5,5,4,5,4,6,3,2,6,5,2,1,6,I use AI mainly as a knowledge resource to back up my beliefs prior to making a decision or follow-up action.,6,5,2,4,"Honesty, Responsibility, Transparency",Over 65,Man,UK,Some university/college,Other,6
Yes,5bd785c76d82850001259415,Very often,5-6 hours,5,5,5,4,5,3,5,3,5,4,3,3,3,3,4,4,3,4,3,5,I wanted a day out and couldn't decide between two different towns. I used AI to give me the facts and figures and I told it what my priorities were and it helped me choose the best suited town to visit. ,4,5,5,5,"Fairness, Responsibility, Non-harm",25 - 34,Man,UK,Some university/college,Employed part-time,5
Yes,5a69f41df10cdb0001b10329,Everyday,5-6 hours,2,6,3,6,7,1,6,6,1,7,5,6,7,7,7,3,5,5,1,6,"I have been using AI for engine building advice. I am researching boring an engine to get more HP. AI seems to think it's too much and heat will crack the engine. Its very hard to move AI off this idea and even when I think it's on my side finally it will suddenly revert back to worrying about the heat. 

AI is right though after I looked into a lot more. Its workable, but AI is right heat is going to be a big problem. ",3,7,3,7,"Honesty, Transparency, Accountability",35 - 44,Man,US,Some university/college,Employed part-time,7
Yes,6621a2f38453311275d17d65,Everyday,7-8 hours,6,7,6,5,6,5,2,5,4,4,5,6,6,7,7,4,6,6,7,7,I recently was thinking about writing an essay response to someone else's essay they posted. I bounced ideas off of AI to see whether I had a good argument. I turned to AI because I do enjoy talking to it and getting a feel for what I should say or do. ,6,7,6,5,"Empathy, Respect, Accountability",18 - 24,Woman,US,Some university/college,Self-employed / freelance,6
Yes,5c60501d767686000100150c,Rarely,9-10 hours,1,1,1,1,1,1,1,1,1,1,1,1,1,1,1,7,1,1,1,1,i just thought i would see what it was all about and see its response,1,7,4,1,"Non-harm, Transparency",55 - 65,Woman,UK,High school,Other,2
Yes,69136b4cffd5610a32a7b421,Occasionally,5-6 hours,3,3,2,2,4,2,4,4,3,4,3,3,5,2,3,7,3,3,2,2,I asked AI what gifts to buy for someone and they said socks. I decided to turn to AI as I couldn't think of anything myself. ,4,5,5,4,"Honesty, Transparency, Accountability",25 - 34,Woman,Canada,Bachelor's degree,Employed full time,6
Yes,5e1ccb298f3c65054bd232c1,Occasionally,Less than 2 hours,1,1,1,1,1,1,1,1,7,1,1,1,1,1,7,7,1,1,1,1,"The only time I can think of going to AI for any kind of ""decision"" was to input info into it and get it to summarize lengthy information for me, so that I could analyze that instead of the whole text. This was low stakes, however, and I would never rely on an LLM for decisions or tasks with any real weight. To do so is incredibly foolish. ChatGPT is not an informational resource. It's an aggregate of unverified data.",1,4,5,1,"Responsibility, Human wellbeing, Transparency",35 - 44,Prefer not to say,US,Bachelor's degree,Employed part-time,2
Yes,600a878fa6fbbf1ba60bea36,Often,5-6 hours,5,4,4,4,5,2,3,6,4,4,4,2,4,6,6,6,2,2,3,4,"I didn't have the necessary knowledge regarding a financial issue, so used AI, as I felt that it would have the necessary knowledge.",5,6,2,5,"Responsibility, Transparency, Accountability",55 - 65,Man,UK,Bachelor's degree,Not currently working,6
Yes,5ec00f62cf12be40ea6fe344,Everyday,2-4 hours,5,6,6,6,6,2,6,4,3,5,1,1,2,2,4,2,4,2,5,2,I decided to use AI to arrange my itinerary according to distances for a past trip to Dallas.,6,7,3,5,"Honesty, Responsibility, Transparency",45 - 54,Woman,US,Some university/college,Employed full time,3
Yes,61071a0d2b914a0ea66eae94,Everyday,2-4 hours,5,4,6,5,6,7,6,6,6,6,5,6,6,5,7,6,6,6,6,6,When deciding to quit smoking weed. I turned to ai for support and understanding. ,4,4,5,4,"Respect, Responsibility, Non-harm",35 - 44,Woman,US,Postgraduate degree,Self-employed / freelance,4
Yes,6531340389e363d151089093,Occasionally,Less than 2 hours,4,6,7,6,6,5,6,6,2,3,6,5,5,6,5,7,6,4,7,5,"i used AI to help me write the backstory of a DnD character I am creating. I couldnt find ideas of my own, so I relied on AI to brain storm.",5,4,5,5,"Honesty, Fairness, Transparency",25 - 34,Woman,Canada,Postgraduate degree,Student,6
Yes,653927811b00d4a0036cb7ab,Very often,7-8 hours,2,6,6,6,7,3,4,5,5,6,4,4,6,6,5,4,4,4,5,6,I had to check dosages on some herbal medicines. They were slightly different to my own (but not significantly). ,5,6,4,5,"Transparency, Accountability, Accuracy ",45 - 54,Woman,UK,Postgraduate degree,Employed full time,6
Yes,6772eff8639aab095a935a05,Everyday,5-6 hours,5,6,6,6,6,3,5,6,6,6,4,5,5,5,6,7,5,5,5,5,I asked it what I should have for dinner because I really couldn't decide what to have.,5,6,5,5,"Honesty, Fairness, Human wellbeing",25 - 34,Woman,UK,Postgraduate degree,Employed full time,6
Yes,5ace82e135eccf0001a11c96,Never,Less than 2 hours,1,1,1,1,1,1,1,1,1,1,1,1,1,1,1,1,1,1,1,1,I don't use AI to make decisions.  ,2,5,2,1,Transparency,55 - 65,Woman,UK,Bachelor's degree,Not currently working,6
Yes,5ea1e407df1e160c7db497c7,Occasionally,5-6 hours,5,4,4,4,4,4,5,4,4,4,4,4,4,4,5,4,4,3,3,5,to find the half way point between two locations - I turned to AI as it was quick and meant I did not have to look at maps,5,6,4,4,"Honesty, Responsibility, Non-harm",Over 65,Man,UK,High school,Not currently working,6
Yes,61686f8376bd6ff59ea15479,Sometimes,2-4 hours,3,4,4,5,6,3,5,5,4,5,3,2,3,4,3,5,5,2,2,6,I just used AI to verify if a phone app was okay to use in a certain state.,5,6,4,5,"Honesty, Fairness, Non-harm",35 - 44,Man,US,Bachelor's degree,Employed full time,6
Yes,63d7a26f594b17eba6a83328,Often,9-10 hours,4,3,3,4,4,2,3,4,4,3,3,4,5,4,4,5,5,4,3,4,To help me plan how to spray paint kitchen cupboard handles. I wasn't confident on how to do it as i had not done jt before,5,6,4,4,"Honesty, Responsibility, Non-harm",25 - 34,Man,UK,Some university/college,Employed full time,6
Yes,650b03136ab3d4c832d98b71,Sometimes,5-6 hours,5,6,5,6,7,6,7,7,5,6,6,7,6,6,7,6,7,7,6,6,I used the AI tool to quickly create five different practice problems about quadratic factoring for my geometry students because I needed different examples right away. I used it because I didn't have much time to plan and I wanted to make sure the problems matched the format the district introduced this semester in fall of 2025.,5,4,6,5,"Honesty, Fairness, Human wellbeing",25 - 34,Man,US,Bachelor's degree,Employed part-time,3
Yes,5e0d0d47d62abe49fe4748df,Very often,2-4 hours,5,6,6,6,7,3,5,5,5,5,5,3,5,4,4,4,5,4,3,5,"I wanted some advice on a family issue, feel AI is impartial and I would be given the facts and not be influenced by what I wanted the outcome to be.",5,6,5,5,"Honesty, Fairness, Transparency",Over 65,Woman,UK,High school,Not currently working,6
Yes,5dea82ebbe656d1aa3b18fff,Sometimes,2-4 hours,3,2,2,1,5,1,2,5,2,2,2,2,5,5,5,4,2,1,1,5,Holiday recommendations ,5,5,6,4,"Honesty, Fairness, Responsibility",35 - 44,Man,UK,High school,Employed full time,3
Yes,6710a58eeff954cb2243950e,Everyday,5-6 hours,6,6,7,7,7,1,1,6,6,6,4,5,6,7,7,1,6,7,7,6,"I wanted AI to help me prepare a comprehensive project report and I need extensive information, charts, graphs to make it robust",6,5,6,5,"Honesty, Responsibility, Transparency",45 - 54,Woman,UK,Postgraduate degree,Employed full time,6
Yes,60cbd3ead9ef203f8e59d2c3,Sometimes,7-8 hours,4,5,2,1,5,1,2,5,1,1,1,2,1,4,7,6,5,3,2,5,"I needed a second opinion about the computer I was hoping to purchase, and I appreciated how AI was able to pull up a list of specs of all the different devices I was considering, which made it easier for me to make my decision. I disagreed with it's top recommended choice, but I appreciated the ease of obtaining info about all computers in one place rather than having to go to many different sites to get those specs.",1,7,5,2,"Responsibility, Non-harm, Accountability",25 - 34,Woman,Canada,Bachelor's degree,Employed part-time,6
Yes,5e00f9a211999fcea4169800,Everyday,2-4 hours,6,7,6,6,7,5,6,7,5,6,6,5,6,6,7,5,5,5,6,6,I could not decide on whether to get my brakes done by a mechanic shop or to hire out of a local online site where people advertise services . ,6,7,5,6,"Honesty, Fairness, Human wellbeing",Over 65,Man,US,Bachelor's degree,Employed full time,7
Yes,67c735f93ad62d77e21b7538,Everyday,More than 12 hours,2,1,1,1,4,1,1,3,1,1,1,1,4,1,7,7,1,3,1,5,I use it sometimes to summarize information or reformate it so its easier to read then look for it in the original source to make sure its there.,1,2,2,1,"Honesty, Human wellbeing, Non-harm",18 - 24,Prefer not to say,Canada,Some university/college,Student,2
Yes,665ee374604d2c5d4d858efd,Often,2-4 hours,5,7,5,7,6,4,5,7,5,5,6,5,3,2,1,1,5,1,1,1,I asked AI about whether I should visit a doctor about a problem I was having or whether it was normal and I should leave it. I decided to use AI to save time going to a doctors appointment ,5,7,7,7,"Fairness, Responsibility, Transparency",25 - 34,Woman,UK,Bachelor's degree,Employed full time,5
Yes,6913b37825c4c4672324e00f,Everyday,Less than 2 hours,7,7,7,7,7,4,5,7,7,7,7,7,6,2,7,3,7,6,7,5,I turned to AI  on self reflection questions.  I do not know style very well and used AI like a friend to ask questions without feeling like a bother to real life people.,7,4,6,7,"Honesty, Non-harm, Transparency",35 - 44,Woman,Canada,Some university/college,Employed full time,6
Yes,671d39090c9e2ad9ec75a03c,Very often,7-8 hours,2,2,2,1,4,1,3,1,1,1,1,1,2,1,7,7,1,1,1,4,I haven`t used AI to help me make a decision,6,5,1,5,"Honesty, Transparency",55 - 65,Woman,UK,High school,Not currently working,7
Yes,5c1874146e26a30001dad2b5,Sometimes,7-8 hours,2,3,2,2,3,2,3,3,2,2,2,2,3,3,6,3,2,3,2,3,I used an AI tool to help me decide on purchasing a vacuum. I used AI for help because I could not decide out of the models I have selected. ,3,3,5,2,"Honesty, Non-harm, Accountability",25 - 34,Man,Canada,Bachelor's degree,Employed full time,5
Yes,5c5d36bc034e280001644c3b,Sometimes,2-4 hours,2,4,2,2,4,5,4,3,3,4,3,4,4,4,5,5,4,4,5,5,i was doing some wood work and checked whether i should use glue or nails to put them together,5,4,4,3,"Honesty, Non-harm, Transparency",55 - 65,Woman,UK,Other,Employed full time,5
Yes,6641059cdec71f7b7d5a5e2b,Very often,5-6 hours,3,4,6,4,6,5,6,6,7,5,5,5,4,4,6,5,6,4,5,5,"I used it for medical reasons to see if the pain in my jaw and tooth was more of a tooth issue or a jaw issue. I was struggling with whether to see a dentist or a doctor, it was suggested to see a dentist first and get an x-ray so I arranged an appointment.",5,7,6,5,"Fairness, Human wellbeing, Non-harm",35 - 44,Woman,UK,High school,Employed part-time,5
Yes,5e27868c5cbbcc0b3599574b,Never,2-4 hours,1,1,1,1,1,1,1,1,1,1,1,1,1,1,1,5,1,1,1,1,"I don't use Ai tools, at least not knowingly ",1,4,3,1,"Honesty, Fairness, Human wellbeing",25 - 34,Man,US,Postgraduate degree,Employed full time,5
Yes,5cef11e2b04fdd0016b177ce,Occasionally,5-6 hours,3,4,3,2,3,1,2,2,1,2,1,1,1,1,3,7,1,2,1,2,It helped me to decide whether to do a eulogy for my grandmothers funeral and also helped me to write it. I turned to AI as i wanted a neutral opinion.,3,6,5,3,"Non-harm, Transparency, Accountability",25 - 34,Woman,UK,Bachelor's degree,Employed full time,5
Yes,5797bc9aad1a6c000146818c,Occasionally,2-4 hours,3,2,2,2,2,2,2,2,2,2,2,2,2,2,2,6,2,2,2,6,I asked who would win in the Arsenal v Bayern Munich match recently. AI said Arsenal so I had a bet. Arsenal won.,4,6,2,2,None. Its not real.,Over 65,Man,UK,Some university/college,Employed full time,6
Yes,67e3281497a9f68c5c7ff062,Very often,5-6 hours,6,5,5,6,6,2,5,4,5,4,6,5,6,5,6,6,5,4,5,6,"I was thinking about starting and running a business, i needed AI analysis with what i had researched about. the risks, strategies and key things. AI was more detailed and provided practical examples",6,5,5,6,Transparency,45 - 54,Man,US,Bachelor's degree,Employed full time,6
Yes,6280bf67a185ccdf2af50e2b,Very often,2-4 hours,6,6,6,7,7,6,6,6,7,7,6,7,6,6,3,3,5,3,2,3,"A client asked me a complex query and I was unsure about the answer. I thought I knew it, but I wasn't fully confident. I asked ChatGPT to look up the answer and give me references. So, I felt much more assured. I wanted my answer backed up by research and another mind.",6,7,4,6,"Fairness, Responsibility, Transparency",35 - 44,Woman,UK,Bachelor's degree,Employed full time,5
Yes,5e1b307333e83535d72af1e5,Never,5-6 hours,1,1,1,1,1,7,1,1,1,1,1,1,1,1,1,7,1,1,1,3,I don't use AI and I never have.,1,2,7,1,"Respect, Human wellbeing, Non-harm",25 - 34,Woman,UK,Bachelor's degree,Employed part-time,3
Yes,6048c1da4fb34916883f2e7d,Occasionally,7-8 hours,1,5,5,2,6,1,5,1,1,5,3,2,1,1,6,6,1,4,1,6,I needed to decide regarding using esims abroad. I needed to know which is the best one ,6,6,1,3,Accountability,35 - 44,Woman,UK,Bachelor's degree,Not currently working,3
Yes,64b3ebc9ad6778799f835dcb,Everyday,5-6 hours,6,5,6,6,6,6,5,6,4,7,4,5,5,5,6,6,5,5,6,5,when i was about to purchase a house i wanted to see the benefits of buying in the market,5,7,3,5,Non-harm,35 - 44,Woman,US,High school,Employed full time,7
Yes,5fe931ec84b3a98861fcf02e,Never,2-4 hours,1,1,1,1,1,1,1,1,1,1,1,1,7,7,7,7,1,4,1,1,I haven't used AI to make decisions ,1,3,4,3,"Honesty, Empathy, Human wellbeing",35 - 44,Woman,UK,Postgraduate degree,Employed full time,4
Yes,67c1330b2901cfc01e410de0,Occasionally,5-6 hours,2,1,1,1,2,3,3,2,1,2,2,2,4,4,7,7,3,2,2,4,I used AI while online shopping. I didn't necessarily turn to it. It was simply offered by the app I was using. I ended up using my own judgment to make my final purchase. ,3,7,4,2,"Honesty, Human wellbeing, Non-harm",35 - 44,Woman,Canada,Bachelor's degree,Self-employed / freelance,5
Yes,5f84e472052cf81ae5752252,Occasionally,9-10 hours,1,1,1,1,1,1,1,1,1,1,1,1,1,1,1,7,1,1,1,1,I don't rely on AI for decision making ,1,7,4,1,"Human wellbeing, Non-harm, Transparency",35 - 44,Woman,UK,Postgraduate degree,Employed full time,6
Yes,6783ebc2e89b75d66d952f41,Often,7-8 hours,5,5,6,6,5,4,5,5,5,5,5,4,4,5,5,4,5,5,5,5,Ai has help3d me make a decision on choosing the best component supplier,5,6,5,5,"Honesty, Responsibility, Transparency",55 - 65,Man,UK,Bachelor's degree,Employed full time,6
Yes,5a75b131eea3d300016ddc70,Often,2-4 hours,4,6,5,4,5,4,2,5,6,6,6,5,5,5,5,4,6,5,3,6,I used it to decide where to eat in an area we were staying for a break. ,4,6,5,6,"Honesty, Fairness, Non-harm",45 - 54,Man,UK,High school,Employed part-time,6
Yes,60e9e8092cfc1f464753dd71,Everyday,2-4 hours,5,6,6,7,6,2,6,6,6,7,6,5,6,6,2,6,6,2,2,6,i needed to find different ideas how to use a bottle for something else but i could not think of any,7,5,5,6,"Fairness, Transparency, Accountability",55 - 65,Man,US,Bachelor's degree,Employed full time,2
Yes,691651506c42054aab4666cd,Sometimes,Less than 2 hours,4,4,3,3,3,1,2,2,2,2,2,5,3,4,6,6,3,5,3,2,"I typically use AI instead of google when I want to find information - for example, my kitten is sleeping a lot during the day, I as AI if this is normal instead of google, which I would have done in the past. I'm looking for information to inform my own decision making, I don't really ask it directly to make decisions.",2,7,5,1,"Responsibility, Human wellbeing, Accountability",35 - 44,Woman,Canada,Postgraduate degree,Employed full time,6
Yes,60fde5c925a095a132c3c014,Everyday,2-4 hours,7,7,7,7,7,5,6,7,7,7,5,3,6,7,7,6,5,4,3,5,"I was trying to decide what I should mail to my family for Christmas, I am usually unsure of what I should send and wanted reassurance ",5,6,5,5,"Empathy, Human wellbeing, Non-harm",25 - 34,Woman,Canada,High school,Employed full time,5
Yes,663bc254f4b7b1bf2cdd0a70,Very often,5-6 hours,5,7,7,5,7,1,5,5,4,6,2,1,4,3,7,7,3,2,1,6,well currently i'm using AI to help me weigh the props and cons of getting another car and using it to help me figure out if a particular car is a good choice. i decided to turn to AI to get a second opinion. i thought it could probably gather more information on the particular type of car than i could and provide me with reliable information to help me make my decision.,6,5,3,6,"Fairness, Responsibility, Non-harm",35 - 44,Woman,US,High school,Employed part-time,2
Yes,6002ae1ea178912bfa128adf,Sometimes,7-8 hours,4,3,4,3,4,3,5,3,1,3,4,2,2,2,4,5,3,2,1,2,"I feel a bit bad about this, but I needed to make an excuse for why I couldn't attend an event -  I had a genuine reason, but I felt that my friends would not like the reason.  I wanted to check how my reason sounded to AI and to ask it for alternative excuses that would be convincing (rather than coming up with something myself).  AI gave me a few ideas but to be honest, they were things I would think of myself and weren't particularly helpful.  I turned to AI as I was hoping it would give me some reassurance about my decision to not go out with my friends.",4,5,3,4,"Honesty, Fairness, Responsibility",45 - 54,Woman,UK,Bachelor's degree,Employed full time,4
Yes,66437f44e54b0742f1a444e7,Occasionally,5-6 hours,1,1,1,1,1,3,1,1,1,1,1,5,4,3,7,7,2,4,4,3,"Sometimes when looking up information I will accept the AI supplied answer without further investigating, but never for important matters.",1,4,6,2,"Honesty, Responsibility, Accountability",25 - 34,Man,Canada,High school,Not currently working,4
Yes,682ac1b6669fa157b2399b41,Very often,2-4 hours,6,6,4,6,7,6,4,6,6,6,6,6,7,6,7,7,5,6,6,7,i was not sure of may decsions so i asked AI to see if i was doing it the right way,6,7,6,4,"Honesty, Non-harm, Transparency",18 - 24,Man,US,Bachelor's degree,Employed part-time,6
Yes,60ebaa55340060ab518419d0,Often,More than 12 hours,4,6,6,6,6,1,6,5,2,5,4,2,4,1,7,5,4,1,1,5,wanted to check symptoms I was having and needed a quick answer instead of doing research,5,7,5,5,"Responsibility, Non-harm, Accountability",Over 65,Woman,Canada,Postgraduate degree,Employed full time,6
Yes,69136c9d727bae73fa22b419,Very often,9-10 hours,7,7,7,7,7,1,7,7,7,7,7,7,7,7,7,7,7,7,7,7,About a city i want to travel to i was so skeptical and AI helped me,7,7,7,7,"Honesty, Responsibility, Human wellbeing",18 - 24,Woman,Canada,Bachelor's degree,Employed full time,7
Yes,612399c71548ff3b47e406e8,Often,7-8 hours,5,6,5,5,5,2,5,5,4,5,4,6,5,5,6,5,6,4,4,5,It was updating my CV and I wanted AI's opinion on a format,5,6,5,6,"Honesty, Non-harm, Accountability",45 - 54,Man,UK,High school,Employed full time,6
Yes,67d09fef5654f3194dc6c5a6,Sometimes,11-12 hours,3,3,2,2,2,2,3,3,2,2,2,1,6,6,5,3,5,4,5,4,"I need more data to support my ideas, so I turn to AI and it helps support the ideas for me with more data",5,6,4,3,"Fairness, Respect, Accountability",35 - 44,Man,Canada,High school,Employed full time,6
Yes,5bc5552a23ecbb00012d6cb5,Sometimes,2-4 hours,1,1,1,1,1,1,1,1,1,1,1,1,1,1,6,7,1,1,1,1,I used it to edit something for work. I thought I would try it to see if it was more professional.,4,6,1,3,"Honesty, Responsibility, Non-harm",Over 65,Woman,US,High school,Employed full time,6
Yes,66b76713e0b9b4578e06bb8a,Everyday,More than 12 hours,7,7,7,7,7,1,3,6,6,7,6,1,4,7,7,7,2,4,2,7,I used AI to figure out how to deal with a relationship probem.,4,6,1,6,"Responsibility, Non-harm, Transparency",18 - 24,Woman,UK,Bachelor's degree,Student,5
Yes,5ce5a99c0af4f10015c5b6cf,Often,5-6 hours,5,4,4,4,5,3,5,4,2,2,1,1,2,1,1,6,4,1,1,5,how to decorate wedding venue. the fact  could ask for visual ideas in the actual room.,5,7,2,6,"Responsibility, Non-harm, Transparency",45 - 54,Woman,UK,Postgraduate degree,Self-employed / freelance,6
Yes,59bc25620ac77f0001f05574,Very often,5-6 hours,5,5,4,6,6,3,4,5,5,5,4,4,5,5,6,5,4,5,4,5,I was stuck on which tv series to start and could not decide which one to start first so I asks AI which one I should start,4,4,4,4,"Transparency, Accountability",35 - 44,Woman,UK,Bachelor's degree,Other,5
Yes,56b78f11e77ebe000cbefe79,Occasionally,7-8 hours,2,2,2,2,5,2,4,5,3,2,2,2,4,2,6,6,5,4,2,6,It was about whether to take a particular medicine with side effects or not. I just wanted some more opinions and had none available in real life.,4,6,4,5,"Non-harm, Transparency, Accountability",55 - 65,Woman,UK,Bachelor's degree,Employed part-time,6
Yes,66cfab152c56aa0472529001,Often,9-10 hours,5,5,6,6,6,4,5,6,4,6,6,5,5,3,3,5,5,3,3,6,"i had some things left in my fridge and didnt know what to make for my dinner, i asked AI what to make, gave them the ingredients i had in my fridge and it came back with numerous suggestions of which i wouldnt of thought of. I went with AI because i just couldnt think of anything nice to make. ",6,6,5,6,"Honesty, Responsibility, Human wellbeing",45 - 54,Man,UK,Some university/college,Employed full time,6
Yes,6112bab70c61f8247ee7e228,Very often,9-10 hours,4,5,5,5,6,3,4,4,5,4,4,3,4,5,5,5,4,3,1,4,"I was searching a new guitar to purchase, I asked Ai to do the search for me taking in considerations on pricing, wood used, quailty mechanics, and  reviews.I uses Ai because all this was done by the Ai all I had to do was read and make my choice",5,6,5,6,"Fairness, Responsibility, Non-harm",55 - 65,Man,Canada,Some university/college,Self-employed / freelance,6
Yes,6007631f47cfce24c579e5d8,Often,2-4 hours,5,6,6,5,4,2,5,6,2,5,3,4,5,6,5,6,3,5,3,5,I used it to help me plan dinners for the week. It helps generate ideas I cannot think of.,6,4,3,5,"Honesty, Responsibility, Transparency",18 - 24,Man,New Zealand,Bachelor's degree,Employed full time,6
Yes,66c0e527746d984d9bff5f3f,Sometimes,2-4 hours,3,5,6,5,6,3,5,6,4,5,5,6,6,5,7,7,5,5,6,6,Recently I relied on ChatGPT to help me decide whether to transition to another job or not. I turned to AI instead of deciding on my own because ChatGPT was able to help me create a list of pros and cons of transitioning to another job or not.,5,5,6,6,"Honesty, Responsibility, Transparency",25 - 34,Man,Canada,Bachelor's degree,Employed full time,5
Yes,59e1e960d838ae00018507e3,Often,5-6 hours,4,5,4,4,5,4,5,5,4,3,4,3,5,5,6,4,4,5,5,4,AI gives me additional information and things to consider that I would not have though about on my own,3,3,4,3,"Honesty, Human wellbeing, Non-harm",35 - 44,Woman,UK,Bachelor's degree,Student,3
Yes,662948ed99960b11f2f8e3fe,Often,5-6 hours,6,6,5,5,6,3,4,6,6,6,4,6,4,4,6,6,4,6,3,5,I was trying to figure out how to help my cat and a dog get along better. I kind of knew basics but I wanted some practical tips. So I asked AI for ideas on managing territory and calming them down around each other. I just wanted a second opinion and some more strategies to make things smoother. Kind of like getting a quick answer instead of guessing. ,4,6,4,6,"Honesty, Responsibility, Human wellbeing",35 - 44,Woman,US,Postgraduate degree,Employed full time,5
Yes,5c81582c4c1a61000155584f,Rarely,9-10 hours,1,1,1,1,1,1,1,1,1,1,1,1,1,1,1,7,1,1,1,1,i wanted to make a financial decision so i used ai because i believed it had access to more data,5,6,2,4,"Honesty, Transparency, Accountability",45 - 54,Man,UK,Some university/college,Not currently working,5
Yes,5ddd2eda9ca8a3c9af4a5237,Never,5-6 hours,1,1,1,1,1,1,1,1,1,1,1,3,1,1,7,7,1,2,1,1,I don't really use it to make decisions,1,3,5,1,"Honesty, Human wellbeing, Accountability",35 - 44,Woman,Canada,Postgraduate degree,Self-employed / freelance,4
Yes,614f7300717876eb9b5601b0,Occasionally,2-4 hours,1,1,2,1,2,1,2,4,1,1,1,2,3,1,6,7,2,1,2,3,"I asked it to show me a picture of a man with a 52"" chest to try and decide what size clothing to buy for someone. All it showed me were photos with no information about what size the models were supposed to be and lots of suggestions  for sites with pictures of obese men. Not a lot of help.",2,6,5,1,"Honesty, Empathy, Human wellbeing",Over 65,Woman,Canada,Postgraduate degree,Not currently working,6
Yes,5a21aabb2b98bc0001a67c65,Occasionally,5-6 hours,1,1,1,1,1,1,4,1,1,1,1,1,1,1,1,1,1,1,1,1,I've never done this. I trust my own decision making,2,6,4,1,"Honesty, Fairness, Human wellbeing",55 - 65,Man,UK,Postgraduate degree,Employed full time,7
Yes,5fc1fe3d0e7f99235244a2e7,Everyday,2-4 hours,2,3,2,4,3,2,3,5,4,4,3,3,4,5,5,3,3,2,2,5,i used it to help me brainstorm christmas gift ideas for my nieces and nephews,4,6,3,4,"Fairness, Non-harm, Transparency",35 - 44,Woman,New Zealand,Bachelor's degree,Employed full time,6
Yes,63a32488e685c05e9fb5988e,Everyday,5-6 hours,5,6,6,6,6,1,5,4,3,6,2,2,2,2,3,1,2,2,1,6,"AI helped me with the idea where to invest. I could have looked up myself online, but it would take more time to sift through search results, than AI's time when it made the suggestions",5,6,6,7,Transparency,55 - 65,Man,UK,Bachelor's degree,Not currently working,6
Yes,670940fc9071141710a38032,Everyday,2-4 hours,7,7,7,6,7,4,7,7,7,7,5,2,5,4,4,3,6,3,2,5,I find myself using AI more for checking up on company's I'm thinking of investing in these days it's way more time efficient. sometimes you do have to double check yourself though that information is correct.   ,5,6,3,7,"Honesty, Responsibility, Accountability",45 - 54,Man,UK,Some university/college,Employed full time,7
Yes,60e45a8df3027ddbbe481a65,Often,5-6 hours,4,6,6,6,6,3,5,5,5,6,4,4,5,6,7,5,6,3,4,5,Dealing with a family member who has a drug addiction. AI gave me a new perspective and possible strategies to make positive progress.,6,7,5,5,"Honesty, Human wellbeing, Transparency",55 - 65,Man,Canada,Some university/college,Self-employed / freelance,6
Yes,66797a447bfcb47256846ed2,Everyday,7-8 hours,7,7,5,6,7,2,4,6,5,7,7,4,4,5,3,4,6,3,2,6,I used AI for booking holidays specifically hotel. AI narrowed down the choices and did a lot of the legwork for me.,6,5,4,7,"Empathy, Respect, Transparency",55 - 65,Man,Canada,Bachelor's degree,Employed full time,5
Yes,60a6b2ed58d0aaed52f1dcf4,Everyday,7-8 hours,4,5,5,5,5,2,1,5,3,5,5,5,5,5,5,2,4,3,3,4,I needed to decide between two ski jackets - AI helped me with the pros and cons of each,5,4,7,4,"Honesty, Responsibility, Accountability",45 - 54,Man,UK,Postgraduate degree,Employed full time,4
Yes,68c9adf3ce921224388f11f1,Often,5-6 hours,2,4,2,2,5,2,5,5,3,3,3,5,6,6,6,7,6,6,5,5,I asked the AI to recommend me a few restaurants that I can go to with a friend. Then I asked it to make the best recommendation on which of the recommended restaurants I should go to. I was out of ideas as to where to go out to eat. ,5,5,7,4,"Honesty, Non-harm, Transparency",25 - 34,Woman,US,Postgraduate degree,Employed full time,6
Yes,5e5a96f5a2f2c528edf70f6e,Everyday,More than 12 hours,4,5,6,7,7,6,7,7,7,7,7,7,7,7,7,7,6,6,6,7,I used it to double check something re: taxes. i know it probally knows more about taxes than i do ,7,7,7,7,"Fairness, Human wellbeing, Transparency",35 - 44,Woman,Canada,Some university/college,Employed full time,2
Yes,675dedf9b43d714376719d12,Sometimes,2-4 hours,5,6,4,3,5,5,6,4,3,4,3,3,5,4,6,5,3,3,5,6,"I recently used AI to help me interpret medical lab results. At my direction, AI removed most of the medical jargon in the original results and presented a more understandable report. ",5,6,4,4,"Honesty, Empathy, Human wellbeing",Over 65,Man,US,Postgraduate degree,Not currently working,5
Yes,60d7b3469a65ac7408cb9dd3,Sometimes,2-4 hours,4,4,1,4,5,1,6,4,2,6,2,2,4,2,4,2,6,2,2,6,I asked AI when I should plant a Lemon tree in my area.  I wanted infromation on a subject I knew nothing about.,4,6,4,5,"Honesty, Fairness, Transparency",55 - 65,Man,US,Bachelor's degree,Employed full time,6
Yes,678e978dfeca0ba2fca8109f,Everyday,2-4 hours,3,6,6,5,7,5,5,6,5,6,6,5,3,3,6,3,6,3,3,6,"My daughter is going through some mental health issues that I find very difficult to relate to. I wanted to ensure that I approached things with her having an informed, un biased and well  balanced perspective. AI helped me see things in a way that my intuition wouldn't have considered (My instinct would have been to 'get a grip') It slowed me down, made me see things differently, considered how my daughter was perceiving things in comparison to how I was perceiving things. Ultimately, this led to us having a conversation where she felt seen and heard and let to a positive outcome. Without AI assisting me with how to deal with the situation, I can guarantee that it wouldn't have gone as well  as it did.  ",6,5,5,5,"Honesty, Empathy, Transparency",45 - 54,Woman,UK,Bachelor's degree,Self-employed / freelance,3
Yes,669177c66d14fd83c2a18125,Very often,9-10 hours,1,5,2,3,6,1,3,4,5,5,2,5,5,6,7,7,6,6,4,5,"when i am not too sure what to cook for dinner in order to meet nutritious requirement for a day, i would like to ask AI to act as a nutritionist to analyse what i already ate and what i am still lacking. AI usually gives me some good suggestion that i didn't think of.",5,6,6,6,"Honesty, Responsibility, Non-harm",35 - 44,Man,UK,Postgraduate degree,Employed full time,7
Yes,6746c680672c3ab45f25efb7,Often,5-6 hours,6,7,6,7,7,2,6,7,5,6,5,4,6,4,3,3,6,6,2,5,"I have ADHD and poor decision making is part of that for me, I use AI a lot to help because since doing this - my life has drastically improved. Just yesterday I asked Claude to structure my day for me and told it what I needed to accomplish and followed the plan. For the first holiday in my life, I wasn't a basket case and it was because of AI ",7,7,7,7,"Empathy, Responsibility, Human wellbeing",45 - 54,Woman,US,Some university/college,Not currently working,5
Yes,60b8f2c365ec36a3395896b6,Sometimes,5-6 hours,2,3,3,3,3,2,3,2,2,4,2,1,4,3,6,7,2,1,1,2,I was looking for a nice place to stay between two geographical points - I thought AI might be better at finding the right place,4,5,6,4,"Honesty, Fairness, Responsibility",45 - 54,Woman,UK,High school,Employed part-time,3
Yes,611bef869f91f800ad3b193e,Often,7-8 hours,4,5,5,5,5,5,4,5,5,5,3,6,5,5,7,4,4,5,5,6,I needed a historical context. I wanted to find out from AI if Something was a trend or an outlier. So I would say that I used a Eye to supplement my understanding.,2,5,4,2,"Honesty, Responsibility, Accountability",Over 65,Woman,US,Postgraduate degree,Not currently working,3
Yes,607668ac450fc6e3025a131d,Everyday,5-6 hours,3,6,5,5,5,6,6,6,6,6,5,5,6,5,4,6,5,6,4,6,I changed my decision in visiting Osaka after I got more information from ChatGPT since ChatGPT summarized the plan in a more persuasive way.,5,6,6,5,"Responsibility, Transparency, Accountability",45 - 54,Man,US,Postgraduate degree,Employed full time,4
Yes,67c70ef486c8488303c97ed5,Everyday,7-8 hours,6,7,7,6,6,2,2,6,6,6,7,7,7,3,6,2,7,6,7,6,i was checking on the best hotel to book a stay of my weekend,7,7,7,7,"Empathy, Responsibility, Non-harm",35 - 44,Man,US,Postgraduate degree,Not currently working,7
Yes,60dcbb9b52603d2081d2ecac,Very often,2-4 hours,3,6,4,6,6,3,6,6,4,5,3,3,2,3,4,4,5,5,2,7,I was trying to make some decisions with my finances and used AI for ideas as to what was the best thing to do for a positive outcome .,5,7,2,5,"Honesty, Non-harm, Transparency",45 - 54,Woman,UK,Some university/college,Other,5
Yes,60dd8e0d3d47076064d30569,Often,11-12 hours,5,4,1,1,1,1,4,1,1,1,1,1,4,1,1,7,1,1,5,1,i've never used AI to help me make a decision,1,5,6,1,"Responsibility, Non-harm, Transparency",25 - 34,Woman,UK,Postgraduate degree,Employed full time,6
Yes,69214006b59ae63d0a211b7e,Sometimes,Less than 2 hours,3,5,3,5,5,5,5,5,4,5,4,6,3,4,7,5,5,6,6,4,"I wanted to confirm a decision on a research direction, I was looking for confirmation that the research question was worthwhile. On reflection, I was looking for reassurance.",4,6,5,4,"Human wellbeing, Non-harm, Transparency",35 - 44,Woman,New Zealand,Postgraduate degree,Student,5
Yes,66e0569e76fa6e4be6919693,Often,2-4 hours,5,6,5,5,5,1,3,5,5,6,4,5,5,5,5,4,5,4,4,5,I needed to install a complex piece of software on my personal PC. Using AI helped in the step by step process of the instalation.,3,6,4,6,"Honesty, Human wellbeing, Non-harm",55 - 65,Man,Canada,Bachelor's degree,Employed full time,6
Yes,5c3d504ede04ad0001d8be54,Everyday,9-10 hours,2,5,1,2,1,1,1,6,4,2,1,1,4,1,7,7,1,1,1,4,"I interviewed for a job that I thought had a lot of red flags and then I got offered that job and my instinct still told me something was off, but I accepted it anyway. The first two days of the job was horrendous. So many red flags. I went to an AI tool and told it everything I had been experiencing. I asked what it thought about my decision to quit and it summarized everything I had told it about this employer. After seeing everything in front of my face, I knew I was making the right decision. AI was just a catalyst for helping me see the big picture of what I experienced.",4,7,1,7,"Human wellbeing, Non-harm, Transparency",35 - 44,Woman,US,Postgraduate degree,Employed full time,2
Yes,58d0632c2fc72000011f8c57,Everyday,7-8 hours,2,2,2,2,4,3,4,4,2,3,2,3,3,5,5,5,3,3,3,2,"I do not use AI tools to help me in everyday decision making, I don't feel it's competence is in this sphere. I use AI for information and time saving purposes, and even on the information I would check the accuracy.",3,6,4,3,"Honesty, Responsibility, Non-harm",45 - 54,Man,UK,Postgraduate degree,Employed full time,6
Yes,6605be0bb2b33332547447c7,Occasionally,2-4 hours,5,3,4,6,6,2,2,6,2,5,3,2,5,2,2,2,2,2,2,2,I just needed to talk my feelings and ideas out to someone or rather machine,5,5,3,6,"Respect, Human wellbeing, Accountability",45 - 54,Woman,Canada,Postgraduate degree,Employed part-time,5
Yes,5b9e4dc6e671c60001228654,Rarely,7-8 hours,1,1,1,1,4,5,5,4,2,2,1,2,5,5,6,6,4,5,3,3,"I honestly don't think I have ever relied on an AI tool to make a decision. I use them for asking straightforward factual questions, that's it.",2,1,6,3,"Honesty, Responsibility, Accountability",55 - 65,Woman,UK,Postgraduate degree,Self-employed / freelance,4
Yes,631610af8e747093cd90e00d,Sometimes,More than 12 hours,1,1,1,4,4,1,2,4,1,1,1,1,1,2,7,4,3,2,1,1,"i was comparing some bank accounts with weird interest rates and rules, so I wanted to know which would be better for me and my savings",1,1,1,1,"Honesty, Transparency, Accountability",35 - 44,Woman,UK,High school,Self-employed / freelance,1
Yes,665acacd6f53305291fbd38e,Very often,7-8 hours,4,4,4,2,4,2,4,2,2,4,2,4,4,5,5,5,4,4,4,4,when i wanted to find out what my landlord can do to get me evicted,5,5,4,2,"Honesty, Non-harm, Transparency",55 - 65,Woman,UK,Bachelor's degree,Self-employed / freelance,4
Yes,672f778691bdfe96c2c704de,Very often,5-6 hours,6,6,6,6,6,2,3,6,6,6,6,7,6,7,6,6,7,7,6,7,"it was about my trip, i had to rely on AI on all necessary documents needed.",6,7,6,7,"Empathy, Transparency, Accountability",25 - 34,Woman,Canada,Bachelor's degree,Employed part-time,5
Yes,583b397f54686200010f1d20,Often,More than 12 hours,7,7,7,4,7,1,4,5,4,5,1,4,2,4,3,4,6,5,5,5,"A recent moment where I relied on an AI tool was when I was choosing between two different software subscriptions for work. Both options seemed good on the surface, but each had different features, pricing tiers, and long-term commitments. I felt myself getting stuck in the usual loop of overthinking comparing tiny details, worrying I'd regret picking the wrong one, and bouncing between multiple tabs. I turned to an AI tool because I wanted a neutral breakdown without the stress spiral. Instead of sifting through reviews for an hour, the AI summarized the key differencs, highlighted what mattered most based on my needs, and pointed out potential drawbacks I hadn't considered. It didn't make the decision forme, but it made the path to a decision feel clearer. The main reason I chose AI in that moment was the convenience: it was fast, organized the information better than I could on my own, and removed a lot of the emotional noise from the process.
",5,4,5,5,"Responsibility, Human wellbeing, Transparency",45 - 54,Woman,US,Bachelor's degree,Employed full time,5
Yes,580d5d1f357e890001dd14ce,Rarely,11-12 hours,1,1,1,1,1,1,1,1,1,1,1,1,1,1,1,1,1,1,1,1,I asked it to solve a tough math problem and write it's solution. Then I double checked it. I asked AI because I'm super bad at math.,1,3,5,1,"Responsibility, Transparency, Accountability",35 - 44,Man,US,High school,Not currently working,2
Yes,5ec28db2622c500632dc95bc,Everyday,7-8 hours,7,4,5,7,5,4,5,5,4,5,6,5,4,4,7,7,4,7,7,6,I wanted to check my understanding of my property boundaries. I checked with AI as I wanted to make sure I understand properly before proceeding with building plans. ,3,6,3,3,"Honesty, Empathy, Responsibility",35 - 44,Woman,UK,Postgraduate degree,Employed full time,6
Yes,5f4738bfa043201203a27b4b,Very often,5-6 hours,3,4,5,4,5,2,4,4,3,3,3,5,5,5,6,4,5,5,5,5,When trying to determine appropriate sizing for a piece of art I was buying and how it would look in the space I have.  I wasn't sure if my calculations were right.,5,6,5,5,"Fairness, Human wellbeing, Transparency",35 - 44,Woman,US,Bachelor's degree,Employed full time,5
Yes,5b5a822e1ad8270001c4f28d,Sometimes,More than 12 hours,3,6,4,7,7,1,7,4,4,6,7,4,4,2,5,5,7,4,1,5,Not having the confidence. Wanting to gather the right information in something if I was going with this decision cause it was important to find out.,7,7,7,7,"Fairness, Respect, Accountability",35 - 44,Man,US,High school,Not currently working,4
Yes,601b0712b0701c46459aab27,Rarely,2-4 hours,1,4,2,2,5,2,4,2,2,1,1,1,2,4,5,7,4,2,1,6,I wanted to double-check that I was understanding the situation correctly.,5,6,6,4,"Honesty, Responsibility, Transparency",55 - 65,Woman,UK,Bachelor's degree,Self-employed / freelance,5
Yes,5d23cee7771223001647e8c7,Occasionally,11-12 hours,1,1,1,1,1,1,1,1,1,1,1,1,1,1,1,1,1,1,1,1,i have used it in the past to help me decide what direction i should go when making a character build for the game baldur's gate 3. i decided to see what it would suggest because i was inducive in my though process.,1,7,2,1,none,35 - 44,Woman,US,Some university/college,Employed full time,5
Yes,6658b1b0d96a48e41e7e971a,Everyday,5-6 hours,6,7,7,5,5,2,3,5,2,5,5,1,1,1,1,1,3,1,1,1,"I turned to AI to check whether i should go the GP for hair loss. It gave me advice, encouragement and recommendations and it was much better than the GP.",6,5,5,4,"Empathy, Human wellbeing, Transparency",25 - 34,Woman,UK,Some university/college,Employed part-time,3
Yes,59e91e73e75b450001a694a9,Often,2-4 hours,4,6,6,5,6,3,5,4,3,5,4,4,4,3,5,3,5,5,3,4,Whether and when I should mix with elderly people when ill,4,5,4,5,"Responsibility, Non-harm, Transparency",45 - 54,Woman,UK,High school,Self-employed / freelance,6
Yes,5c01bf7d4c14cf00019ce2a4,Often,9-10 hours,3,3,2,2,4,2,2,3,2,2,3,2,2,2,7,6,3,3,2,5,"I am a casual sports bettor so I tend to use AI to reinforce some ideas I'll have for a bet I want to place or a prop I am interested in. I'll tend to turn to the AI to get probability statistics and any suggestions for better odds and things of that sort where they can streamline a lot of the process for me instead of me manually searching myself. If the stats it provides make sense and the projections seem sound, it just reinforces my own ideas and I'll feel more confident in my bet.",4,5,4,3,"Honesty, Non-harm, Transparency",35 - 44,Man,Canada,Bachelor's degree,Employed full time,4
Yes,614f253f9cb4943cc553e686,Very often,9-10 hours,3,3,2,5,4,1,6,3,3,5,3,3,3,5,5,6,3,3,5,2,I used it for my statistical decisions in my thesis. It was good but I know the mo0st of the decision and I can follow its decisions,3,4,5,2,"Responsibility, Non-harm, Transparency",25 - 34,Man,Canada,Postgraduate degree,Employed full time,5
Yes,6786c7d17bc067f2f666cbed,Everyday,7-8 hours,5,6,6,4,6,3,6,6,4,5,3,2,4,1,2,4,2,2,2,4,"I was looking for sunglasses at a good price. I found an online store with low price. To which the gpt chat saaid that this was not a very good store with bad reviews, poor support service, and therefore i decided not to buy in this store.",5,6,3,4,"Honesty, Human wellbeing, Non-harm",45 - 54,Woman,US,High school,Employed part-time,6
Yes,67c0856ddb6e54c94c0bb315,Everyday,7-8 hours,1,3,1,5,6,1,3,1,1,5,2,1,1,1,7,7,1,1,6,2,"I needed a solution on how to fix a piece of clothing that had shrunk after washing. I wanted to save time and that's why I asked the AI to find the solution for me. Then I asked the AI if there is a scientific evidence that the solution could actually work, because I didn't want to waste my time to try something that may not work. It gave me pretty good explanation. ",4,7,3,6,"Empathy, Fairness, Non-harm",45 - 54,Woman,Canada,Postgraduate degree,Self-employed / freelance,7
Yes,5d2f7fb4bb27200019010768,Sometimes,5-6 hours,6,5,4,5,6,6,7,5,6,6,5,6,6,6,7,7,5,6,6,5,"I was tying to find some noise cancelling headphones under a spefiic price but I needed the noise cancellation feature to be for the reciever, not for me. I used it to do research quickly and recieve suggestions with certain featues and under a certain budget.",5,6,4,4,"Honesty, Human wellbeing, Transparency",25 - 34,Man,US,Some university/college,Employed full time,4
Yes,5bdf8d7eee652a0001f0999c,Very often,9-10 hours,5,5,5,5,5,5,3,6,3,5,4,5,5,6,6,6,6,6,5,5,I turned to AI to help me decide what to cook while I only had few random ingredients because it was much quicker than figuring it out myself.,6,6,7,6,"Honesty, Human wellbeing, Transparency",25 - 34,Woman,US,Bachelor's degree,Employed full time,5
Yes,62b4403257f7d42730f83394,Everyday,7-8 hours,4,5,5,6,6,3,6,7,5,6,6,6,5,5,5,6,5,5,5,6,"It was on a structure for a book I have of my own personal interests i.e favorite films, songs, tv shows. I wanted AI's advice on the structure and confirming what episodes certain scenes were on, or when a film or song was published. ",6,6,6,6,"Respect, Transparency, Accountability",35 - 44,Man,UK,Other,Self-employed / freelance,5
Yes,671a0b9bd81fdefb79d4f647,Everyday,2-4 hours,4,6,3,5,6,2,4,6,4,6,4,2,2,3,4,3,3,5,3,5,For an exam booking date I was really confused and ask for AI openion saying my challenges and average time for that exam usually candidates to discuss pros and cons to come to an informed decision. ,5,6,5,5,"Honesty, Human wellbeing, Transparency",35 - 44,Woman,UK,Postgraduate degree,Employed part-time,6
Yes,6777f3e9760d3844217b5ea8,Very often,2-4 hours,3,6,5,5,6,3,6,6,3,5,5,2,2,2,4,5,5,4,4,5,"When I was baking banana bread I didn't know what to do because I had less bananas than the recipe stated. My first thought was maybe to add an extra egg. I asked chatgtp what I could do, and they said not to add an egg, instead add some milk for the moisture. ",3,4,5,5,"Fairness, Non-harm, Transparency",18 - 24,Woman,UK,High school,Student,4
Yes,5d8e154af2858200171fdb95,Everyday,7-8 hours,5,5,6,5,7,5,5,6,6,5,4,6,5,4,5,4,4,4,2,5,"I trusted AI to help me decide which job opportunity to accept by weighing up the pro and cons in depth alongside talking it out. I feel it was the best way to tackle this proble,",5,3,4,5,"Honesty, Empathy, Responsibility",35 - 44,Woman,UK,Bachelor's degree,Employed full time,5
Yes,60cf0d251a90eb823bc9b740,Often,5-6 hours,3,4,5,4,6,3,5,4,3,5,3,3,7,5,4,3,5,3,2,6,"I had to purchase a new item but was stuck between two, so I used AI to help me decide. I could measure more objective features easily using AI",4,5,5,6,"Honesty, Human wellbeing, Transparency",25 - 34,Man,UK,Bachelor's degree,Employed full time,6
Yes,62694f79608ed29b7af936b1,Often,7-8 hours,2,4,1,5,6,1,5,1,1,5,1,4,6,1,1,6,4,5,1,6,needed advice noone was around to ask,5,6,5,5,"Fairness, Non-harm, Transparency",55 - 65,Woman,US,High school,Employed full time,6
Yes,686fd6f304b7e79b97c978e6,Often,More than 12 hours,3,2,3,4,3,5,5,4,4,5,3,3,3,3,6,7,4,5,4,7,I wanted to decide a diet for CKD patients. I found that my understanding was wrong when AI double-checked AI's suggestions.,4,5,6,4,"Honesty, Fairness, Transparency",45 - 54,Man,Ireland,Postgraduate degree,Employed full time,3
Yes,5d45ed2a23a1260018201b2c,Sometimes,5-6 hours,5,7,4,4,6,5,3,5,7,6,6,5,7,4,3,5,7,3,6,5,I relied on AI to help me make a debt repayment plan. It's difficult and time consuming to do this on my own.,7,5,5,6,"Respect, Human wellbeing, Non-harm",25 - 34,Woman,UK,Some university/college,Employed full time,3
Yes,599364c1fc37790001fa4e1d,Rarely,2-4 hours,1,1,1,1,1,1,1,1,1,1,1,1,1,1,1,1,1,1,1,1,i used it a couple of times in work for ideas,1,7,1,1,"Honesty, Fairness, Non-harm",45 - 54,Woman,UK,Some university/college,Employed part-time,7
Yes,61282ca83be28773ac7c421f,Often,9-10 hours,5,4,4,4,5,3,5,5,3,5,1,7,5,5,7,6,4,7,3,7,I was trying to come up with ideas for a logo design for a competition and used AI to get ideas. I chose to use it because I am just not a super creative person and was experiencing a creative block as well so using this tool helped unlock the blockage and made the task easier at the same time.,4,7,7,2,"Non-harm, Transparency, Accountability",45 - 54,Woman,US,Some university/college,Self-employed / freelance,1
Yes,6072c60712f88f017616ca75,Sometimes,Less than 2 hours,2,2,2,2,4,2,4,2,2,2,2,1,4,4,5,6,2,2,4,3,"I had a problem with using an excel spreadsheet,  My choices were to leave what I was doing, start again, ring someone.  I decided to give AI a chance and after a bit of tooing and froing getting description I needed in the question my problem was resolved and you can keep the transcript for future reference.  Pros - I got the job done without bothering anyone quite late at night.  Cons - it would have been quicker to make a phone call to the right person",3,5,5,3,"Non-harm, Transparency, Accountability",Over 65,Woman,UK,High school,Other,6
Yes,6913b3b88bd58310238299c6,Very often,9-10 hours,7,7,5,5,6,2,5,5,2,5,3,2,2,1,3,3,5,5,2,5,I was experiencing a health issue that lasted over several months. I was not getting any positive results from my family physician. After multiple rounds of medications and testing I was having no relief from my symptoms. I documented my experience and put it into IA and asked for alternative supplements or natural remedies. I was willing to try anything to feel better. After following the recommendations and suggestions from AI I started to feel better. I am now over my health issue and I believe it was the alternative medicinal advise I was given that made a difference.,6,6,5,6,"Fairness, Non-harm, Transparency",45 - 54,Woman,Canada,Bachelor's degree,Employed full time,6
Yes,5d29d6bd30fa6f0015cd4a75,Occasionally,5-6 hours,4,7,4,4,7,2,7,7,4,7,4,3,7,7,4,7,4,1,1,4,I would say the time I asked the AI a question about if a certain bank was in the area it allowed to make a decision sooner rather than later because I didn't know all the banks in the area.,5,4,1,5,"Honesty, Responsibility, Transparency",45 - 54,Man,US,High school,Self-employed / freelance,7
Yes,66758888b7b775b5c2d18658,Rarely,5-6 hours,7,1,1,1,1,1,1,1,1,1,1,1,1,7,7,7,1,1,1,1,"To be honest, as can be seen from my answers, I really don't use AI tools for any serious decision-making in my personal or professional life. The nearest that I would come is reading over the Google AI sugestions at the top of a search page, but I find that these are wrong about 50% of the time so I always scroll down to an actual source. ",3,7,4,1,"Honesty, Human wellbeing, Non-harm",45 - 54,Woman,Canada,Postgraduate degree,Employed full time,6
Yes,6630e36ad79d4c0051a4b2ee,Sometimes,9-10 hours,4,4,2,4,5,3,3,2,1,1,1,1,1,1,7,7,1,1,1,1,I was contemplating whether to send an email to my child's principal because of an incident that occurred or if I should appear in person. I went to AI to see what it could suggest and of course see what it could gather from the internet in regards to what others have done in my situation. It was good to see the other options that I could take so utilizing AI was helpful in that moment.,2,7,1,6,"Fairness, Human wellbeing, Non-harm",35 - 44,Woman,US,Postgraduate degree,Employed full time,4
Yes,680c0636408121caf12fe0d1,Very often,2-4 hours,7,7,7,7,7,1,1,7,7,7,7,7,7,7,7,7,7,7,1,7,more accurate information,7,7,7,7,"Honesty, Responsibility, Transparency",55 - 65,Woman,US,Bachelor's degree,Employed full time,7
Yes,6762a1453b3bc252b8ea3bb8,Very often,More than 12 hours,4,3,5,5,6,2,6,5,5,5,6,5,5,4,5,3,6,5,4,6,I was deciding which chicken shop to get dinner from and asked AI as i couldn't make up my own mind,5,5,6,4,"Honesty, Fairness, Non-harm",45 - 54,Woman,UK,Bachelor's degree,Employed full time,5
Yes,5f4a9eb861da210d3496cb34,Sometimes,5-6 hours,2,5,5,6,6,2,5,2,2,6,5,2,6,4,7,7,6,5,5,5,"I was tasked with organising a team-building event. for my team. I needed to decide where to go for my Team Building day. I was uncertain, so I asked an AI tool  for options and advice. The AI was extremely helpful in priding me with appropriate options.  ",6,5,6,4,"Honesty, Human wellbeing, Non-harm",55 - 65,Woman,UK,Postgraduate degree,Employed part-time,5
Yes,67328c7c93419796b690a4dc,Rarely,2-4 hours,1,1,1,1,1,1,3,1,1,1,1,4,5,5,6,7,2,3,1,1,"Sometimes I read the Google AI search result before going deeper.  If it sounds consistent with my though ton what the answers should be, I will generally accept that.  If not, I dive deeper.  I never rely on AI alone and rarely use specific AI tools on their own.",1,6,5,2,"Responsibility, Non-harm, Transparency",45 - 54,Woman,Canada,Postgraduate degree,Employed full time,5
Yes,5ed9c3054268815691ed0e2c,Sometimes,5-6 hours,5,6,6,5,6,3,5,5,5,6,5,4,5,3,3,3,5,3,2,5,"i asked advice on how to be more efficient on my daily tasks and while i think i have been on the right path and making improvements on my own, knowing that AI is good for these kind of questions i did use it as a second opinion and it did in fact help me improve on my productivity so i'll continue to do this in the future.",5,6,4,6,"Honesty, Human wellbeing, Non-harm",35 - 44,Man,US,High school,Self-employed / freelance,5
Yes,604516dcb387435f27f3ed6f,Sometimes,2-4 hours,4,5,4,4,4,2,4,4,4,4,5,4,4,4,4,3,4,4,4,5,"Using AI to search for directions to find an address, which helped avoid traffic at the time ",5,4,4,4,"Human wellbeing, Transparency, Accountability",25 - 34,Man,UK,Bachelor's degree,Employed full time,5
Yes,5c7cf8b58ca9000001b52f6e,Everyday,9-10 hours,6,6,7,6,6,4,6,6,6,6,6,7,6,4,4,3,7,3,2,6,"I was deciding between laptops , so I entered the specs for both laptops to get an idea of what the AI thought and it was pretty instrumental in helping me make a good decision.",7,5,6,6,"Honesty, Responsibility, Human wellbeing",25 - 34,Man,US,High school,Employed full time,5
Yes,5ed559e5afbd830e2117ed55,Often,5-6 hours,5,7,7,5,7,3,5,7,5,6,6,5,6,5,7,5,6,5,4,6,"I was deciding on what watch to buy, I and I turned to AI, because I wanted to know about durability, accuracy, etc., and not just appearance.",6,7,6,4,"Honesty, Fairness, Transparency",55 - 65,Man,US,Postgraduate degree,Employed full time,5
Yes,64320d32f144ad4cef20c60f,Sometimes,Less than 2 hours,6,6,6,6,6,4,4,5,5,5,5,5,5,5,6,6,4,6,6,6,I used AI to help me find the best tires for my truck,6,6,5,5,"Responsibility, Non-harm, Transparency",55 - 65,Man,US,Postgraduate degree,Employed full time,6
Yes,6229dc51dff340226697778e,Occasionally,Less than 2 hours,3,2,3,1,2,1,1,1,1,1,1,1,1,1,4,7,1,1,2,6,Looking for a  alternative to a food product,4,5,5,4,"Fairness, Transparency",55 - 65,Man,UK,Some university/college,Not currently working,3
Yes,5aca8df5436f550001000d03,Occasionally,2-4 hours,1,1,4,1,5,2,3,2,1,1,1,4,5,6,4,7,4,5,6,7,"I used AI to come with a list of suggestions for a present I could buy for my workplace's Christmas gift exchange. I had no idea and just used one of the suggestions I got from AI rather than coming up with an idea by myself. I used AI because I really had zero idea what to get and it didn't feel massively important, combined with the fact that I genuinely liked a lot of the suggestions it came up with.",3,6,5,3,"Honesty, Transparency, Accountability",45 - 54,Woman,New Zealand,Bachelor's degree,Employed full time,5
Yes,5d83140cc554400001289ff1,Everyday,7-8 hours,5,7,7,7,7,2,6,6,6,7,7,5,4,2,4,2,5,4,2,6,"Making decisions to purchase something during the Steam black friday sale, I used AI to help me formulate a plan of games to try, check their price history trends, and make a decision on whether to wait or not on some purchases given that history. I turned to AI because I find that I often act indecisively and can over obsess over things for a long period of time, and AI helps me sort of just brute force push through that and make decisions more efficiently.",6,4,5,4,"Honesty, Respect, Human wellbeing",18 - 24,Man,US,Bachelor's degree,Self-employed / freelance,5
Yes,6927665006e11f2bcf3315da,Everyday,9-10 hours,3,5,3,3,4,4,5,3,3,4,3,3,4,6,6,6,4,2,3,5,"I was juggling a couple of Christmas gift ideas for my nephew, and struggling to choose which would be best. I was leaning in one direction, and explained the situation to AI. It helped to validate the direction I was leaning toward.",4,6,6,5,"Fairness, Human wellbeing, Transparency",35 - 44,Man,Canada,Bachelor's degree,Employed full time,5
Yes,63af557b3d4f219c3226b7d6,Often,2-4 hours,3,5,4,6,6,1,6,6,2,5,2,2,4,2,6,2,3,1,2,6,I don't tend to use AI to make decisions for me. I use it to gather information and make suggestions or recommendations. It all decisions are mine and mine alone. ,6,6,3,5,"Honesty, Fairness, Human wellbeing",45 - 54,Woman,UK,Bachelor's degree,Employed part-time,5
Yes,5c4f5967aac8be0001716a65,Often,2-4 hours,6,6,5,5,6,5,6,6,5,6,5,6,6,5,6,6,6,5,5,6,relied on AI to draft an email quickly due to time pressure.,5,6,5,6,"Honesty, Human wellbeing, Transparency",25 - 34,Man,UK,Bachelor's degree,Employed full time,5
Yes,6567ae0e8905da3905e013bf,Very often,9-10 hours,2,3,2,3,5,2,3,3,2,2,2,2,2,3,5,5,3,3,3,5,i used Ai to help me decide on changing business banks.  Ai was faster comparinhg products than i was.  its advice was similar to what i would have decided,5,6,6,5,"Honesty, Responsibility, Non-harm",55 - 65,Man,UK,Bachelor's degree,Self-employed / freelance,6
