consent,ai_tool_use_frequency,hours_online_per_day,ai_decision_help_often,ai_decision_confidence_with_ai,ai_decision_reliance_when_difficult,ai_decision_check_before_finalising,ai_decision_clarity_when_unsure,ai_influence_second_guessing,ai_influence_doubt_when_disagree,ai_influence_check_thinking_track,ai_influence_pause_to_check,ai_decision_check_for_importance,ai_influence_change_decision_feeling,ai_influence_reflection_amount,ai_influence_persuasive_effect,ai_influence_separate_judgement,ai_influence_concern_over_reliance,ai_independence_without_ai,ai_influence_decision_thinking,ai_influence_reflect_shaping,ai_influence_conflict,ai_influence_strength_of_conviction,open_text_ai_decision_example,trust_ai_to_act_in_best_interests,what_matters_most,digital_life_effect_on_focus,feelings_about_ai_in_decision_making,ai_values_multi,age_group,gender,country,education_level,work_status,emotional_wellbeing,ai_values_multi_other
yes,rarely,5_6_hours,2,3,4,5,5,5,6,5,5,4,5,5,4,5,5,5,6,5,5,5,"I used AI to decide where to go for dinner, and it chose somewhere which worked quite well. I was curious to see what it would say.",5,5,4,5,accountability;fairness;transparency,25_34,woman,uk,postgraduate_degree,employed_full_time,5,
yes,occasionally,gt_12_hours,2,6,6,5,6,6,6,6,6,6,7,6,6,6,7,1,6,6,7,6,if I should retake an admission exam. I could not determine if it would hurt or help me,4,2,6,4,fairness;responsibility;transparency,25_34,woman,us,postgraduate_degree,employed_full_time,4,
yes,often,2_4_hours,2,4,2,4,4,1,4,3,6,3,1,1,2,2,4,4,4,2,1,2,Writing an email to a client.  It seemed more efficient to let AI do it,3,6,1,4,accountability;fairness;transparency,55_65,man,us,bachelors_degree,employed_full_time,7,
yes,occasionally,2_4_hours,1,4,1,1,4,1,4,2,1,2,2,1,5,5,6,4,4,1,1,5,It's sometimes useful to get a wider perspective that might give you points you haven't thought of,4,7,2,3,honesty;responsibility;transparency,55_65,man,uk,bachelors_degree,self_employed,6,
yes,rarely,2_4_hours,2,4,3,2,3,2,5,3,3,3,2,3,4,5,7,7,4,4,3,3,"I needed to look up a fact. I asked, got my answer, and quickly fact-checked it. I was feeling lazy, which is why I didn't type it or look it up myself.",4,5,4,3,honesty;human_wellbeing;responsibility,35_44,man,us,bachelors_degree,employed_full_time,5,
yes,sometimes,5_6_hours,3,5,5,4,5,2,3,3,2,4,1,5,6,7,7,3,5,6,5,5,"I wanted ChatGPT to help me with the sociological aspects of a decision, to try and tell me why people were acting the way they were, because I couldn't figure it out on my own.",5,3,7,4,accountability;fairness;responsibility,25_34,man,ca,some_university_college,employed_part_time,4,
yes,rarely,lt_2_hours,1,1,1,1,1,1,1,1,1,1,1,1,1,1,7,7,1,1,1,1,i have never used ai to make a decision ever,1,7,5,1,accountability;transparency,18_24,woman,uk,postgraduate_degree,employed_full_time,6,
yes,never,5_6_hours,1,1,1,1,1,2,1,1,1,1,1,1,1,1,1,1,1,1,1,1,I haven't relied on AI in any decision.,1,5,2,1,accountability;responsibility;transparency,18_24,woman,ca,bachelors_degree,employed_full_time,7,
yes,rarely,2_4_hours,1,1,1,1,1,2,2,2,1,1,1,1,1,1,1,4,1,2,2,1,needing help with msth equation,1,3,4,1,fairness;non_harm;transparency,25_34,woman,us,some_university_college,employed_full_time,4,
yes,occasionally,5_6_hours,2,4,2,3,2,5,5,5,2,3,5,5,6,6,7,7,5,7,7,6,"I used AI to help me decide how to proceed with a professional project proposal, and I felt like a fraud because I did exactly what it said to do. I was just ""stuck"" and couldn't generate good ideas.",2,6,7,1,honesty;human_wellbeing;non_harm,25_34,woman,us,postgraduate_degree,employed_full_time,5,
yes,often,11_12_hours,5,3,3,4,5,2,1,5,4,4,1,3,5,6,7,6,3,2,3,4,"asked AI to help finding correct shoe sizes, as the manufacturer website didnt have guidance",2,6,4,4,non_harm;transparency,35_44,man,ie,bachelors_degree,employed_full_time,6,
yes,occasionally,2_4_hours,2,2,2,2,5,5,5,2,1,1,2,2,2,2,2,5,2,2,2,2,to find out AI thoughts on removing 2 child benefit cap,5,5,2,4,accountability;honesty;responsibility,55_65,woman,uk,postgraduate_degree,other,3,
yes,rarely,2_4_hours,2,2,1,1,3,1,2,4,2,1,2,2,1,2,3,1,2,2,1,2,Curiosity,1,3,2,4,accountability;non_harm;transparency,over_65,man,nz,bachelors_degree,self_employed,5,
yes,sometimes,2_4_hours,2,1,1,1,3,1,2,4,2,1,1,1,1,1,5,6,2,2,1,1,I relied to AI because I wanted a feedback about a novel I wrote but was too insecure to share with real people,1,4,5,1,honesty;responsibility;transparency,35_44,woman,ca,high_school,self_employed,2,
yes,sometimes,2_4_hours,6,6,4,4,6,1,6,5,2,5,5,3,6,6,7,7,6,6,2,6,"I used AI to help me pick a suitable air compressor for a gift.  I needed help with speed, accuracy and strength topics.",5,6,5,5,fairness;honesty;transparency,55_65,woman,us,some_university_college,employed_part_time,7,
yes,often,7_8_hours,5,5,5,6,6,5,6,6,6,5,6,6,5,5,5,2,6,6,6,5,It helped me decide what to write in a very professional email to HR,5,5,5,6,honesty;human_wellbeing;transparency,25_34,man,uk,postgraduate_degree,employed_full_time,5,
yes,often,11_12_hours,2,3,3,2,3,4,3,3,2,2,3,3,2,4,6,5,4,3,3,4,I was thinking about getting a specific design for a tattoo but I wasn't quite sure about it so I asked AI. I turned to it because I wanted a second opinion whether it was a good design and not just whether someone liked the design or not.,5,3,6,2,empathy;honesty;transparency,18_24,woman,ca,high_school,student,3,
yes,rarely,2_4_hours,1,1,1,1,1,3,5,1,1,1,1,5,5,6,7,7,4,5,5,5,Nothing in particular comes to mind,1,7,4,1,accountability;empathy;transparency,45_54,man,uk,some_university_college,not_currently_working,6,
yes,sometimes,7_8_hours,1,1,1,1,2,1,1,1,1,1,1,1,2,1,5,4,1,1,1,1,"Sorry, I don't use AI to make decisions. To me it is an entertainment only thing, it absolutely cannot be trusted to make decisions, because LLMs are just programmed to speak coherently, not to be factually accurate.",1,6,2,1,non_harm;responsibility;transparency,35_44,man,ca,bachelors_degree,employed_full_time,4,
yes,sometimes,gt_12_hours,2,1,1,1,1,1,2,1,1,1,4,1,2,1,7,7,2,3,1,1,I was asking it for suggestions for dinner in town and it suggested i try something ethnic i was not familiar with. I thought about the suggestion but chose something more familiar.,3,6,1,1,fairness;honesty;transparency,35_44,woman,ca,bachelors_degree,employed_full_time,6,
yes,sometimes,2_4_hours,3,3,3,5,4,1,1,1,1,1,1,1,1,1,1,6,4,4,2,4,planning for a recent holiday - used to suss out options at certain times of the year quite quickly,4,4,4,4,accountability;transparency,45_54,woman,uk,postgraduate_degree,employed_part_time,6,
yes,very_often,gt_12_hours,2,6,4,2,3,1,3,1,1,2,1,1,4,1,1,6,3,1,1,4,I decided what gift to buy my dad for his birthday,7,4,1,6,honesty;human_wellbeing;transparency,18_24,man,uk,bachelors_degree,employed_full_time,3,
yes,very_often,7_8_hours,5,5,3,4,6,1,7,6,4,5,3,2,6,4,7,7,3,5,1,5,Preparing my Christmas shopping list and then using AI to decide which shops used based on this list to get quick recommendations,6,5,6,4,honesty;non_harm;transparency,35_44,man,uk,postgraduate_degree,employed_full_time,5,
yes,everyday,5_6_hours,5,5,6,5,6,1,3,5,3,5,3,3,5,3,1,1,5,1,1,6,i sprained my ankle badly wasnt sure if i should go to hospital i asked AI about all my symptoms and wether or not i should go,5,5,2,6,honesty;non_harm;responsibility,45_54,woman,uk,some_university_college,self_employed,5,
yes,sometimes,5_6_hours,2,2,2,2,2,2,3,2,2,4,3,2,2,2,4,6,3,2,4,3,Making my emails at work sound more professional. I didn't think my words sounded professional enough.,4,6,6,2,fairness;honesty;transparency,35_44,woman,us,bachelors_degree,employed_full_time,6,
yes,very_often,9_10_hours,5,6,5,5,7,2,5,6,5,5,6,4,5,4,4,3,6,4,4,6,I relied on AI tools when I was selling my house to advise me whether to accept an offer. I turned to AI instead of deciding on my own because I don't have experience selling property and I like being able to ask AI about it and ask about what is 'typical' or 'expected' in UK house sales.,6,6,4,5,fairness;honesty;transparency,35_44,man,uk,some_university_college,self_employed,6,
yes,never,7_8_hours,1,1,1,1,1,2,1,1,1,1,1,1,1,1,7,7,1,1,1,1,I can't think of an occasion where this has happened. I use google as a search engine like everyone else but I have never specifically interacted with an AI and would never give it the power to influence my decision making.,1,4,6,1,accountability;transparency,55_65,woman,uk,bachelors_degree,self_employed,4,
yes,everyday,7_8_hours,6,7,7,4,7,4,6,7,7,7,7,5,7,2,1,4,7,4,1,6,I had a contract that needed summarized and didn't have time to get an attorneys opinion so I used AI to decipher the document contents.,6,7,6,7,honesty;responsibility;transparency,45_54,man,us,some_university_college,self_employed,7,
yes,sometimes,5_6_hours,4,5,5,5,6,3,4,5,5,4,5,5,4,5,7,7,5,4,5,5,I was debating on whether to end my 2 month sobriety streak. I talked to chat GPT about it and it weighed the pros and cons and eventually I decided to end the streak. I turned to AI as I didn't want to be judged and wanted a thoughtful answer quickly.,6,6,4,4,honesty;human_wellbeing;transparency,25_34,man,us,bachelors_degree,employed_full_time,6,
yes,often,9_10_hours,2,2,3,1,3,1,3,1,1,2,1,5,4,1,6,7,2,4,2,4,"I wanted info on the rental market (pricing, trends, seasonal factors) to help my decision-making about lease renewal options.  It was quicker than performing the research on my own and it was factual information that I could check for accuracy.",4,7,2,4,empathy;fairness;non_harm,over_65,woman,us,postgraduate_degree,employed_full_time,6,
yes,everyday,9_10_hours,6,6,4,6,6,2,5,6,4,6,2,4,3,3,5,4,4,5,3,5,I used AI to help me buy a new laptop. It was helpful in explaining the terms and comparing one option to another making the choice seem less overwhelming.,4,6,5,5,honesty;non_harm;transparency,55_65,woman,ca,bachelors_degree,employed_full_time,6,
yes,everyday,9_10_hours,7,5,6,6,6,4,5,5,5,5,4,5,3,5,7,5,4,5,3,5,"I felt I needed a neutral perspective because the two closest people to me are my partner and my mother, so AI was the natural choice to resolve the conflict I had between them.",3,5,6,3,honesty;non_harm;transparency,25_34,woman,ca,postgraduate_degree,employed_full_time,6,
yes,sometimes,5_6_hours,4,6,5,4,6,4,5,5,4,5,3,3,4,4,5,5,5,4,3,5,I had some medical questions and i needed some reinforcement from an AI tool and it gave me a different perspective on ehat i thought,5,5,5,3,empathy;responsibility;transparency,45_54,man,ca,bachelors_degree,employed_full_time,5,
yes,often,2_4_hours,3,4,4,5,7,2,5,4,2,5,5,6,6,4,5,2,5,5,1,5,I was booking a trip with flights to Berlin. I used AI because I was sure that it was quicker and more reliable.,5,7,5,6,accountability;non_harm;transparency,55_65,man,uk,high_school,employed_part_time,7,
yes,very_often,2_4_hours,4,5,5,4,4,5,5,4,5,4,5,5,5,4,6,5,4,6,4,5,I used AI to help me build a half marathon training program. I relied on the AI over my own knowledge because I did not know what I should do to build strength and endurance on my own.,6,5,6,6,accountability;honesty;respect,35_44,man,us,some_university_college,employed_full_time,5,
yes,often,7_8_hours,1,4,1,1,4,1,4,1,1,1,1,1,1,4,7,1,1,1,1,1,I never relied on an AI tool to get help to make a decision.,4,7,6,7,human_wellbeing;non_harm;transparency,45_54,man,us,postgraduate_degree,employed_full_time,6,
yes,rarely,2_4_hours,1,1,1,1,1,1,1,1,1,1,1,1,4,4,1,7,1,1,1,1,I have never relied on AI when making a decision.,4,7,1,1,honesty;non_harm;transparency,55_65,woman,uk,some_university_college,employed_part_time,7,
yes,very_often,7_8_hours,1,6,6,3,6,1,6,6,2,7,1,5,5,6,5,3,6,5,2,6,I used AI to help me with getting my new business started. It helped me confirm the necessary steps.,6,7,2,5,accountability;honesty;transparency,45_54,woman,us,high_school,self_employed,5,
yes,never,9_10_hours,1,1,1,1,1,1,1,1,1,1,1,1,1,7,7,7,1,1,1,1,I never use AI for anything.,1,7,1,1,fairness;honesty;responsibility,over_65,woman,us,some_university_college,not_currently_working,7,
yes,occasionally,gt_12_hours,1,5,1,1,5,5,2,1,2,3,3,5,5,3,6,7,5,2,3,5,"I wanted to buy some vitamins for a health problem I'm having, which I heard it was good for, but the Ai results on google noted that it typically doesn't help as much as people claimed so I didn't end up buying that product and did something else that was more natural and cheaper.",3,5,2,2,fairness;human_wellbeing;transparency,25_34,woman,ca,bachelors_degree,employed_full_time,4,
yes,very_often,2_4_hours,4,4,4,3,4,4,4,4,3,4,4,4,3,4,4,4,4,4,5,4,I was trying to decide what to watch on TV.,4,4,4,4,honesty;human_wellbeing;responsibility,25_34,man,us,postgraduate_degree,employed_full_time,7,
yes,occasionally,2_4_hours,5,6,5,6,6,6,4,5,6,5,3,4,7,7,6,6,6,5,3,6,I needed to buy a harness for my dog and don't have very much knowledge about them. I wanted to make sure it's the most secure and safest style so I turned to AI,7,7,2,5,non_harm;responsibility;transparency,over_65,woman,us,bachelors_degree,other,7,
yes,often,2_4_hours,6,6,6,6,6,1,4,6,4,4,6,5,2,1,2,3,5,3,3,3,How to get out a splinter,1,7,1,6,accountability;non_harm;responsibility,over_65,woman,us,some_university_college,not_currently_working,7,
yes,occasionally,7_8_hours,1,4,2,4,4,1,4,4,1,1,1,1,1,1,4,4,4,4,2,2,I haven't used AI for decision making.,4,7,1,2,honesty;human_wellbeing;respect,55_65,woman,uk,high_school,not_currently_working,6,
yes,sometimes,gt_12_hours,5,5,2,4,4,2,2,2,2,2,2,2,2,2,2,4,4,4,4,4,I asked AI about a computer part I was looking into and the AI was right about the problem that I was asking about.,6,6,6,6,human_wellbeing,45_54,man,us,less_than_high_school,not_currently_working,6,
yes,often,7_8_hours,2,5,3,2,5,5,2,6,2,3,1,2,4,1,6,4,2,1,1,5,I asked AI to help me with some facts about the town I l work in as I needed it for a quiz. I probably could have done some research myself but AI gave me the info super quickly.,6,6,5,4,accountability;responsibility;transparency,35_44,woman,uk,bachelors_degree,employed_part_time,5,
yes,sometimes,5_6_hours,1,1,1,1,1,1,1,1,1,1,1,1,1,1,1,1,1,1,1,1,So far I have only used AI to compose Covering letter and CV doe job applications due to me not being a native in English speaker. This is the only reason why I prefer AI generated,1,7,7,5,accountability;honesty;responsibility,35_44,woman,uk,bachelors_degree,self_employed,7,
yes,everyday,2_4_hours,3,5,3,5,5,1,3,6,1,3,1,2,3,2,4,4,3,2,1,5,I have been dealing with a subordinate sabotaging me.  I wanted some help getting my thoughts on this more clear.,5,6,3,5,honesty;human_wellbeing;transparency,55_65,man,us,bachelors_degree,employed_full_time,6,
yes,occasionally,2_4_hours,2,1,1,1,1,1,1,1,7,1,1,1,1,1,4,4,1,1,1,1,I used AI for investment advic3.  I turned to AI to get more information and guidance on investment strategies because I thought it would have the knowledge I lacked.,3,6,2,3,honesty;responsibility;transparency,35_44,man,us,high_school,employed_full_time,6,
yes,very_often,5_6_hours,5,6,5,4,5,2,5,5,2,4,5,2,2,2,4,6,2,2,2,5,I knew what I wanted to do but was not sure about the consequences of doing it so I asked AI to give me some possible outcomes. After reading the explanations I felt much more convinced that I was making the right decision and there would be no unexpected outcomes from that.,6,7,4,6,honesty;non_harm;responsibility,over_65,woman,uk,high_school,employed_full_time,7,
yes,occasionally,2_4_hours,2,2,2,2,2,6,4,2,2,2,1,4,4,4,6,6,5,4,3,5,I haven't relied on AI to help me make a decision. I have only used it to search for information. I wouldn't use it to help me make a decision as I don't feel it knows enough about me to do this.,3,4,5,3,accountability;fairness;responsibility,35_44,woman,uk,postgraduate_degree,not_currently_working,2,
yes,often,9_10_hours,5,6,5,6,5,2,5,5,4,4,5,6,4,2,5,2,6,4,3,5,I relied on an AI tool to help me decide which park I should visit within the city I live in. I wanted a neutral and objective voice to help me to decide this so I turned to ChatGPT. It was very helpful in guiding me to a good park.,5,6,3,5,fairness;honesty;transparency,25_34,man,uk,bachelors_degree,employed_full_time,6,
yes,often,gt_12_hours,3,5,4,3,6,2,4,5,3,3,5,2,2,3,6,4,3,2,4,5,I thought I was making great headway building a friendship with my volleyball partner by asking them questions and getting to know them until one day they said I was being too nosy. I was confused and relayed a general context to chatgpt to see what I can do to amend our relationship.,3,3,1,4,fairness;non_harm;transparency,35_44,man,ca,other,not_currently_working,3,
yes,often,lt_2_hours,5,6,6,5,6,2,4,5,5,5,5,5,5,6,7,7,5,6,6,6,I needed help tailoring my resume for a job. Chatgpt helped me to do this and madey resume sound great. It made things easy and more importantly it improved my resume. Only AI could have helped me during this challenge.,5,6,6,6,accountability;respect;responsibility,35_44,man,us,postgraduate_degree,employed_full_time,7,
yes,very_often,9_10_hours,5,5,5,5,6,4,5,4,3,5,3,3,4,4,3,5,5,2,2,5,The most recent activity that comes to mind was i wanted help rewriting a slide title for a presentation. I turned to AI and asked for assistance.,4,6,6,5,accountability;non_harm,35_44,woman,us,postgraduate_degree,employed_full_time,7,
yes,everyday,9_10_hours,6,5,5,5,6,2,4,6,4,3,3,3,3,3,2,3,5,2,2,5,"I actually asked if I should fix a floating mortgage (partly offset) that we have or keep it fixed. I did ask AI because of its math ability, though, not for an opinion as such. I did then ask what it thought was best but it did have math to back it up, not a completely opinion based answer. The reason for this is that I thought it would out the outcomes of the interest better than I could.",3,7,3,5,honesty;human_wellbeing;non_harm,35_44,woman,nz,some_university_college,employed_full_time,6,
yes,often,7_8_hours,1,4,4,4,5,1,1,5,3,4,7,5,1,6,7,4,1,1,1,4,I use AI to plan a route for my planned holiday. It gives me ideas on what I can do when I am not sure like booking layovers on long haul flights,6,6,7,4,accountability;responsibility;transparency,55_65,woman,uk,high_school,employed_part_time,5,
yes,everyday,5_6_hours,2,2,2,1,2,1,4,1,1,1,1,3,6,1,4,6,2,2,3,2,"I asked the ai about haircuts that may suit me, i used the ai here because it would have access to a wider knowledge bank than me, but i still relied on my own decision",4,7,3,3,accountability;fairness;responsibility,35_44,man,uk,bachelors_degree,employed_full_time,5,
yes,sometimes,5_6_hours,2,4,1,3,6,2,3,5,5,4,5,4,6,3,2,6,5,2,1,6,I use AI mainly as a knowledge resource to back up my beliefs prior to making a decision or follow-up action.,6,5,2,4,honesty;responsibility;transparency,over_65,man,uk,some_university_college,other,6,
yes,very_often,5_6_hours,5,5,5,4,5,3,5,3,5,4,3,3,3,3,4,4,3,4,3,5,I wanted a day out and couldn't decide between two different towns. I used AI to give me the facts and figures and I told it what my priorities were and it helped me choose the best suited town to visit.,4,5,5,5,fairness;non_harm;responsibility,25_34,man,uk,some_university_college,employed_part_time,5,
yes,everyday,5_6_hours,2,6,3,6,7,1,6,6,1,7,5,6,7,7,7,3,5,5,1,6,"I have been using AI for engine building advice. I am researching boring an engine to get more HP. AI seems to think it's too much and heat will crack the engine. Its very hard to move AI off this idea and even when I think it's on my side finally it will suddenly revert back to worrying about the heat.   AI is right though after I looked into a lot more. Its workable, but AI is right heat is going to be a big problem.",3,7,3,7,accountability;honesty;transparency,35_44,man,us,some_university_college,employed_part_time,7,
yes,everyday,7_8_hours,6,7,6,5,6,5,2,5,4,4,5,6,6,7,7,4,6,6,7,7,I recently was thinking about writing an essay response to someone else's essay they posted. I bounced ideas off of AI to see whether I had a good argument. I turned to AI because I do enjoy talking to it and getting a feel for what I should say or do.,6,7,6,5,accountability;empathy;respect,18_24,woman,us,some_university_college,self_employed,6,
yes,rarely,9_10_hours,1,1,1,1,1,1,1,1,1,1,1,1,1,1,1,7,1,1,1,1,i just thought i would see what it was all about and see its response,1,7,4,1,non_harm;transparency,55_65,woman,uk,high_school,other,2,
yes,occasionally,5_6_hours,3,3,2,2,4,2,4,4,3,4,3,3,5,2,3,7,3,3,2,2,I asked AI what gifts to buy for someone and they said socks. I decided to turn to AI as I couldn't think of anything myself.,4,5,5,4,accountability;honesty;transparency,25_34,woman,ca,bachelors_degree,employed_full_time,6,
yes,occasionally,lt_2_hours,1,1,1,1,1,1,1,1,7,1,1,1,1,1,7,7,1,1,1,1,"The only time I can think of going to AI for any kind of ""decision"" was to input info into it and get it to summarize lengthy information for me, so that I could analyze that instead of the whole text. This was low stakes, however, and I would never rely on an LLM for decisions or tasks with any real weight. To do so is incredibly foolish. ChatGPT is not an informational resource. It's an aggregate of unverified data.",1,4,5,1,human_wellbeing;responsibility;transparency,35_44,prefer_not_to_say,us,bachelors_degree,employed_part_time,2,
yes,often,5_6_hours,5,4,4,4,5,2,3,6,4,4,4,2,4,6,6,6,2,2,3,4,"I didn't have the necessary knowledge regarding a financial issue, so used AI, as I felt that it would have the necessary knowledge.",5,6,2,5,accountability;responsibility;transparency,55_65,man,uk,bachelors_degree,not_currently_working,6,
yes,everyday,2_4_hours,5,6,6,6,6,2,6,4,3,5,1,1,2,2,4,2,4,2,5,2,I decided to use AI to arrange my itinerary according to distances for a past trip to Dallas.,6,7,3,5,honesty;responsibility;transparency,45_54,woman,us,some_university_college,employed_full_time,3,
yes,everyday,2_4_hours,5,4,6,5,6,7,6,6,6,6,5,6,6,5,7,6,6,6,6,6,When deciding to quit smoking weed. I turned to ai for support and understanding.,4,4,5,4,non_harm;respect;responsibility,35_44,woman,us,postgraduate_degree,self_employed,4,
yes,occasionally,lt_2_hours,4,6,7,6,6,5,6,6,2,3,6,5,5,6,5,7,6,4,7,5,"i used AI to help me write the backstory of a DnD character I am creating. I couldnt find ideas of my own, so I relied on AI to brain storm.",5,4,5,5,fairness;honesty;transparency,25_34,woman,ca,postgraduate_degree,student,6,
yes,very_often,7_8_hours,2,6,6,6,7,3,4,5,5,6,4,4,6,6,5,4,4,4,5,6,I had to check dosages on some herbal medicines. They were slightly different to my own (but not significantly).,5,6,4,5,accountability;accuracy;transparency,45_54,woman,uk,postgraduate_degree,employed_full_time,6,
yes,everyday,5_6_hours,5,6,6,6,6,3,5,6,6,6,4,5,5,5,6,7,5,5,5,5,I asked it what I should have for dinner because I really couldn't decide what to have.,5,6,5,5,fairness;honesty;human_wellbeing,25_34,woman,uk,postgraduate_degree,employed_full_time,6,
yes,never,lt_2_hours,1,1,1,1,1,1,1,1,1,1,1,1,1,1,1,1,1,1,1,1,I don't use AI to make decisions.,2,5,2,1,transparency,55_65,woman,uk,bachelors_degree,not_currently_working,6,
yes,occasionally,5_6_hours,5,4,4,4,4,4,5,4,4,4,4,4,4,4,5,4,4,3,3,5,to find the half way point between two locations - I turned to AI as it was quick and meant I did not have to look at maps,5,6,4,4,honesty;non_harm;responsibility,over_65,man,uk,high_school,not_currently_working,6,
yes,sometimes,2_4_hours,3,4,4,5,6,3,5,5,4,5,3,2,3,4,3,5,5,2,2,6,I just used AI to verify if a phone app was okay to use in a certain state.,5,6,4,5,fairness;honesty;non_harm,35_44,man,us,bachelors_degree,employed_full_time,6,
yes,often,9_10_hours,4,3,3,4,4,2,3,4,4,3,3,4,5,4,4,5,5,4,3,4,To help me plan how to spray paint kitchen cupboard handles. I wasn't confident on how to do it as i had not done jt before,5,6,4,4,honesty;non_harm;responsibility,25_34,man,uk,some_university_college,employed_full_time,6,
yes,sometimes,5_6_hours,5,6,5,6,7,6,7,7,5,6,6,7,6,6,7,6,7,7,6,6,I used the AI tool to quickly create five different practice problems about quadratic factoring for my geometry students because I needed different examples right away. I used it because I didn't have much time to plan and I wanted to make sure the problems matched the format the district introduced this semester in fall of 2025.,5,4,6,5,fairness;honesty;human_wellbeing,25_34,man,us,bachelors_degree,employed_part_time,3,
yes,very_often,2_4_hours,5,6,6,6,7,3,5,5,5,5,5,3,5,4,4,4,5,4,3,5,"I wanted some advice on a family issue, feel AI is impartial and I would be given the facts and not be influenced by what I wanted the outcome to be.",5,6,5,5,fairness;honesty;transparency,over_65,woman,uk,high_school,not_currently_working,6,
yes,sometimes,2_4_hours,3,2,2,1,5,1,2,5,2,2,2,2,5,5,5,4,2,1,1,5,Holiday recommendations,5,5,6,4,fairness;honesty;responsibility,35_44,man,uk,high_school,employed_full_time,3,
yes,everyday,5_6_hours,6,6,7,7,7,1,1,6,6,6,4,5,6,7,7,1,6,7,7,6,"I wanted AI to help me prepare a comprehensive project report and I need extensive information, charts, graphs to make it robust",6,5,6,5,honesty;responsibility;transparency,45_54,woman,uk,postgraduate_degree,employed_full_time,6,
yes,sometimes,7_8_hours,4,5,2,1,5,1,2,5,1,1,1,2,1,4,7,6,5,3,2,5,"I needed a second opinion about the computer I was hoping to purchase, and I appreciated how AI was able to pull up a list of specs of all the different devices I was considering, which made it easier for me to make my decision. I disagreed with it's top recommended choice, but I appreciated the ease of obtaining info about all computers in one place rather than having to go to many different sites to get those specs.",1,7,5,2,accountability;non_harm;responsibility,25_34,woman,ca,bachelors_degree,employed_part_time,6,
yes,everyday,2_4_hours,6,7,6,6,7,5,6,7,5,6,6,5,6,6,7,5,5,5,6,6,I could not decide on whether to get my brakes done by a mechanic shop or to hire out of a local online site where people advertise services .,6,7,5,6,fairness;honesty;human_wellbeing,over_65,man,us,bachelors_degree,employed_full_time,7,
yes,everyday,gt_12_hours,2,1,1,1,4,1,1,3,1,1,1,1,4,1,7,7,1,3,1,5,I use it sometimes to summarize information or reformate it so its easier to read then look for it in the original source to make sure its there.,1,2,2,1,honesty;human_wellbeing;non_harm,18_24,prefer_not_to_say,ca,some_university_college,student,2,
yes,often,2_4_hours,5,7,5,7,6,4,5,7,5,5,6,5,3,2,1,1,5,1,1,1,I asked AI about whether I should visit a doctor about a problem I was having or whether it was normal and I should leave it. I decided to use AI to save time going to a doctors appointment,5,7,7,7,fairness;responsibility;transparency,25_34,woman,uk,bachelors_degree,employed_full_time,5,
yes,everyday,lt_2_hours,7,7,7,7,7,4,5,7,7,7,7,7,6,2,7,3,7,6,7,5,I turned to AI  on self reflection questions.  I do not know style very well and used AI like a friend to ask questions without feeling like a bother to real life people.,7,4,6,7,honesty;non_harm;transparency,35_44,woman,ca,some_university_college,employed_full_time,6,
yes,very_often,7_8_hours,2,2,2,1,4,1,3,1,1,1,1,1,2,1,7,7,1,1,1,4,I haven`t used AI to help me make a decision,6,5,1,5,honesty;transparency,55_65,woman,uk,high_school,not_currently_working,7,
yes,sometimes,7_8_hours,2,3,2,2,3,2,3,3,2,2,2,2,3,3,6,3,2,3,2,3,I used an AI tool to help me decide on purchasing a vacuum. I used AI for help because I could not decide out of the models I have selected.,3,3,5,2,accountability;honesty;non_harm,25_34,man,ca,bachelors_degree,employed_full_time,5,
yes,sometimes,2_4_hours,2,4,2,2,4,5,4,3,3,4,3,4,4,4,5,5,4,4,5,5,i was doing some wood work and checked whether i should use glue or nails to put them together,5,4,4,3,honesty;non_harm;transparency,55_65,woman,uk,other,employed_full_time,5,
yes,very_often,5_6_hours,3,4,6,4,6,5,6,6,7,5,5,5,4,4,6,5,6,4,5,5,"I used it for medical reasons to see if the pain in my jaw and tooth was more of a tooth issue or a jaw issue. I was struggling with whether to see a dentist or a doctor, it was suggested to see a dentist first and get an x-ray so I arranged an appointment.",5,7,6,5,fairness;human_wellbeing;non_harm,35_44,woman,uk,high_school,employed_part_time,5,
yes,never,2_4_hours,1,1,1,1,1,1,1,1,1,1,1,1,1,1,1,5,1,1,1,1,"I don't use Ai tools, at least not knowingly",1,4,3,1,fairness;honesty;human_wellbeing,25_34,man,us,postgraduate_degree,employed_full_time,5,
yes,occasionally,5_6_hours,3,4,3,2,3,1,2,2,1,2,1,1,1,1,3,7,1,2,1,2,It helped me to decide whether to do a eulogy for my grandmothers funeral and also helped me to write it. I turned to AI as i wanted a neutral opinion.,3,6,5,3,accountability;non_harm;transparency,25_34,woman,uk,bachelors_degree,employed_full_time,5,
yes,occasionally,2_4_hours,3,2,2,2,2,2,2,2,2,2,2,2,2,2,2,6,2,2,2,6,I asked who would win in the Arsenal v Bayern Munich match recently. AI said Arsenal so I had a bet. Arsenal won.,4,6,2,2,,over_65,man,uk,some_university_college,employed_full_time,6,None. Its not real.
yes,very_often,5_6_hours,6,5,5,6,6,2,5,4,5,4,6,5,6,5,6,6,5,4,5,6,"I was thinking about starting and running a business, i needed AI analysis with what i had researched about. the risks, strategies and key things. AI was more detailed and provided practical examples",6,5,5,6,transparency,45_54,man,us,bachelors_degree,employed_full_time,6,
yes,very_often,2_4_hours,6,6,6,7,7,6,6,6,7,7,6,7,6,6,3,3,5,3,2,3,"A client asked me a complex query and I was unsure about the answer. I thought I knew it, but I wasn't fully confident. I asked ChatGPT to look up the answer and give me references. So, I felt much more assured. I wanted my answer backed up by research and another mind.",6,7,4,6,fairness;responsibility;transparency,35_44,woman,uk,bachelors_degree,employed_full_time,5,
yes,never,5_6_hours,1,1,1,1,1,7,1,1,1,1,1,1,1,1,1,7,1,1,1,3,I don't use AI and I never have.,1,2,7,1,human_wellbeing;non_harm;respect,25_34,woman,uk,bachelors_degree,employed_part_time,3,
yes,occasionally,7_8_hours,1,5,5,2,6,1,5,1,1,5,3,2,1,1,6,6,1,4,1,6,I needed to decide regarding using esims abroad. I needed to know which is the best one,6,6,1,3,accountability,35_44,woman,uk,bachelors_degree,not_currently_working,3,
yes,everyday,5_6_hours,6,5,6,6,6,6,5,6,4,7,4,5,5,5,6,6,5,5,6,5,when i was about to purchase a house i wanted to see the benefits of buying in the market,5,7,3,5,non_harm,35_44,woman,us,high_school,employed_full_time,7,
yes,never,2_4_hours,1,1,1,1,1,1,1,1,1,1,1,1,7,7,7,7,1,4,1,1,I haven't used AI to make decisions,1,3,4,3,empathy;honesty;human_wellbeing,35_44,woman,uk,postgraduate_degree,employed_full_time,4,
yes,occasionally,5_6_hours,2,1,1,1,2,3,3,2,1,2,2,2,4,4,7,7,3,2,2,4,I used AI while online shopping. I didn't necessarily turn to it. It was simply offered by the app I was using. I ended up using my own judgment to make my final purchase.,3,7,4,2,honesty;human_wellbeing;non_harm,35_44,woman,ca,bachelors_degree,self_employed,5,
yes,occasionally,9_10_hours,1,1,1,1,1,1,1,1,1,1,1,1,1,1,1,7,1,1,1,1,I don't rely on AI for decision making,1,7,4,1,human_wellbeing;non_harm;transparency,35_44,woman,uk,postgraduate_degree,employed_full_time,6,
yes,often,7_8_hours,5,5,6,6,5,4,5,5,5,5,5,4,4,5,5,4,5,5,5,5,Ai has help3d me make a decision on choosing the best component supplier,5,6,5,5,honesty;responsibility;transparency,55_65,man,uk,bachelors_degree,employed_full_time,6,
yes,often,2_4_hours,4,6,5,4,5,4,2,5,6,6,6,5,5,5,5,4,6,5,3,6,I used it to decide where to eat in an area we were staying for a break.,4,6,5,6,fairness;honesty;non_harm,45_54,man,uk,high_school,employed_part_time,6,
yes,everyday,2_4_hours,5,6,6,7,6,2,6,6,6,7,6,5,6,6,2,6,6,2,2,6,i needed to find different ideas how to use a bottle for something else but i could not think of any,7,5,5,6,accountability;fairness;transparency,55_65,man,us,bachelors_degree,employed_full_time,2,
yes,sometimes,lt_2_hours,4,4,3,3,3,1,2,2,2,2,2,5,3,4,6,6,3,5,3,2,"I typically use AI instead of google when I want to find information - for example, my kitten is sleeping a lot during the day, I as AI if this is normal instead of google, which I would have done in the past. I'm looking for information to inform my own decision making, I don't really ask it directly to make decisions.",2,7,5,1,accountability;human_wellbeing;responsibility,35_44,woman,ca,postgraduate_degree,employed_full_time,6,
yes,everyday,2_4_hours,7,7,7,7,7,5,6,7,7,7,5,3,6,7,7,6,5,4,3,5,"I was trying to decide what I should mail to my family for Christmas, I am usually unsure of what I should send and wanted reassurance",5,6,5,5,empathy;human_wellbeing;non_harm,25_34,woman,ca,high_school,employed_full_time,5,
yes,very_often,5_6_hours,5,7,7,5,7,1,5,5,4,6,2,1,4,3,7,7,3,2,1,6,well currently i'm using AI to help me weigh the props and cons of getting another car and using it to help me figure out if a particular car is a good choice. i decided to turn to AI to get a second opinion. i thought it could probably gather more information on the particular type of car than i could and provide me with reliable information to help me make my decision.,6,5,3,6,fairness;non_harm;responsibility,35_44,woman,us,high_school,employed_part_time,2,
yes,sometimes,7_8_hours,4,3,4,3,4,3,5,3,1,3,4,2,2,2,4,5,3,2,1,2,"I feel a bit bad about this, but I needed to make an excuse for why I couldn't attend an event -  I had a genuine reason, but I felt that my friends would not like the reason.  I wanted to check how my reason sounded to AI and to ask it for alternative excuses that would be convincing (rather than coming up with something myself).  AI gave me a few ideas but to be honest, they were things I would think of myself and weren't particularly helpful.  I turned to AI as I was hoping it would give me some reassurance about my decision to not go out with my friends.",4,5,3,4,fairness;honesty;responsibility,45_54,woman,uk,bachelors_degree,employed_full_time,4,
yes,occasionally,5_6_hours,1,1,1,1,1,3,1,1,1,1,1,5,4,3,7,7,2,4,4,3,"Sometimes when looking up information I will accept the AI supplied answer without further investigating, but never for important matters.",1,4,6,2,accountability;honesty;responsibility,25_34,man,ca,high_school,not_currently_working,4,
yes,very_often,2_4_hours,6,6,4,6,7,6,4,6,6,6,6,6,7,6,7,7,5,6,6,7,i was not sure of may decsions so i asked AI to see if i was doing it the right way,6,7,6,4,honesty;non_harm;transparency,18_24,man,us,bachelors_degree,employed_part_time,6,
yes,often,gt_12_hours,4,6,6,6,6,1,6,5,2,5,4,2,4,1,7,5,4,1,1,5,wanted to check symptoms I was having and needed a quick answer instead of doing research,5,7,5,5,accountability;non_harm;responsibility,over_65,woman,ca,postgraduate_degree,employed_full_time,6,
yes,very_often,9_10_hours,7,7,7,7,7,1,7,7,7,7,7,7,7,7,7,7,7,7,7,7,About a city i want to travel to i was so skeptical and AI helped me,7,7,7,7,honesty;human_wellbeing;responsibility,18_24,woman,ca,bachelors_degree,employed_full_time,7,
yes,often,7_8_hours,5,6,5,5,5,2,5,5,4,5,4,6,5,5,6,5,6,4,4,5,It was updating my CV and I wanted AI's opinion on a format,5,6,5,6,accountability;honesty;non_harm,45_54,man,uk,high_school,employed_full_time,6,
yes,sometimes,11_12_hours,3,3,2,2,2,2,3,3,2,2,2,1,6,6,5,3,5,4,5,4,"I need more data to support my ideas, so I turn to AI and it helps support the ideas for me with more data",5,6,4,3,accountability;fairness;respect,35_44,man,ca,high_school,employed_full_time,6,
yes,sometimes,2_4_hours,1,1,1,1,1,1,1,1,1,1,1,1,1,1,6,7,1,1,1,1,I used it to edit something for work. I thought I would try it to see if it was more professional.,4,6,1,3,honesty;non_harm;responsibility,over_65,woman,us,high_school,employed_full_time,6,
yes,everyday,gt_12_hours,7,7,7,7,7,1,3,6,6,7,6,1,4,7,7,7,2,4,2,7,I used AI to figure out how to deal with a relationship probem.,4,6,1,6,non_harm;responsibility;transparency,18_24,woman,uk,bachelors_degree,student,5,
yes,often,5_6_hours,5,4,4,4,5,3,5,4,2,2,1,1,2,1,1,6,4,1,1,5,how to decorate wedding venue. the fact  could ask for visual ideas in the actual room.,5,7,2,6,non_harm;responsibility;transparency,45_54,woman,uk,postgraduate_degree,self_employed,6,
yes,very_often,5_6_hours,5,5,4,6,6,3,4,5,5,5,4,4,5,5,6,5,4,5,4,5,I was stuck on which tv series to start and could not decide which one to start first so I asks AI which one I should start,4,4,4,4,accountability;transparency,35_44,woman,uk,bachelors_degree,other,5,
yes,occasionally,7_8_hours,2,2,2,2,5,2,4,5,3,2,2,2,4,2,6,6,5,4,2,6,It was about whether to take a particular medicine with side effects or not. I just wanted some more opinions and had none available in real life.,4,6,4,5,accountability;non_harm;transparency,55_65,woman,uk,bachelors_degree,employed_part_time,6,
yes,often,9_10_hours,5,5,6,6,6,4,5,6,4,6,6,5,5,3,3,5,5,3,3,6,"i had some things left in my fridge and didnt know what to make for my dinner, i asked AI what to make, gave them the ingredients i had in my fridge and it came back with numerous suggestions of which i wouldnt of thought of. I went with AI because i just couldnt think of anything nice to make.",6,6,5,6,honesty;human_wellbeing;responsibility,45_54,man,uk,some_university_college,employed_full_time,6,
yes,very_often,9_10_hours,4,5,5,5,6,3,4,4,5,4,4,3,4,5,5,5,4,3,1,4,"I was searching a new guitar to purchase, I asked Ai to do the search for me taking in considerations on pricing, wood used, quailty mechanics, and  reviews.I uses Ai because all this was done by the Ai all I had to do was read and make my choice",5,6,5,6,fairness;non_harm;responsibility,55_65,man,ca,some_university_college,self_employed,6,
yes,often,2_4_hours,5,6,6,5,4,2,5,6,2,5,3,4,5,6,5,6,3,5,3,5,I used it to help me plan dinners for the week. It helps generate ideas I cannot think of.,6,4,3,5,honesty;responsibility;transparency,18_24,man,nz,bachelors_degree,employed_full_time,6,
yes,sometimes,2_4_hours,3,5,6,5,6,3,5,6,4,5,5,6,6,5,7,7,5,5,6,6,Recently I relied on ChatGPT to help me decide whether to transition to another job or not. I turned to AI instead of deciding on my own because ChatGPT was able to help me create a list of pros and cons of transitioning to another job or not.,5,5,6,6,honesty;responsibility;transparency,25_34,man,ca,bachelors_degree,employed_full_time,5,
yes,often,5_6_hours,4,5,4,4,5,4,5,5,4,3,4,3,5,5,6,4,4,5,5,4,AI gives me additional information and things to consider that I would not have though about on my own,3,3,4,3,honesty;human_wellbeing;non_harm,35_44,woman,uk,bachelors_degree,student,3,
yes,often,5_6_hours,6,6,5,5,6,3,4,6,6,6,4,6,4,4,6,6,4,6,3,5,I was trying to figure out how to help my cat and a dog get along better. I kind of knew basics but I wanted some practical tips. So I asked AI for ideas on managing territory and calming them down around each other. I just wanted a second opinion and some more strategies to make things smoother. Kind of like getting a quick answer instead of guessing.,4,6,4,6,honesty;human_wellbeing;responsibility,35_44,woman,us,postgraduate_degree,employed_full_time,5,
yes,rarely,9_10_hours,1,1,1,1,1,1,1,1,1,1,1,1,1,1,1,7,1,1,1,1,i wanted to make a financial decision so i used ai because i believed it had access to more data,5,6,2,4,accountability;honesty;transparency,45_54,man,uk,some_university_college,not_currently_working,5,
yes,never,5_6_hours,1,1,1,1,1,1,1,1,1,1,1,3,1,1,7,7,1,2,1,1,I don't really use it to make decisions,1,3,5,1,accountability;honesty;human_wellbeing,35_44,woman,ca,postgraduate_degree,self_employed,4,
yes,occasionally,2_4_hours,1,1,2,1,2,1,2,4,1,1,1,2,3,1,6,7,2,1,2,3,"I asked it to show me a picture of a man with a 52"" chest to try and decide what size clothing to buy for someone. All it showed me were photos with no information about what size the models were supposed to be and lots of suggestions  for sites with pictures of obese men. Not a lot of help.",2,6,5,1,empathy;honesty;human_wellbeing,over_65,woman,ca,postgraduate_degree,not_currently_working,6,
yes,occasionally,5_6_hours,1,1,1,1,1,1,4,1,1,1,1,1,1,1,1,1,1,1,1,1,I've never done this. I trust my own decision making,2,6,4,1,fairness;honesty;human_wellbeing,55_65,man,uk,postgraduate_degree,employed_full_time,7,
yes,everyday,2_4_hours,2,3,2,4,3,2,3,5,4,4,3,3,4,5,5,3,3,2,2,5,i used it to help me brainstorm christmas gift ideas for my nieces and nephews,4,6,3,4,fairness;non_harm;transparency,35_44,woman,nz,bachelors_degree,employed_full_time,6,
yes,everyday,5_6_hours,5,6,6,6,6,1,5,4,3,6,2,2,2,2,3,1,2,2,1,6,"AI helped me with the idea where to invest. I could have looked up myself online, but it would take more time to sift through search results, than AI's time when it made the suggestions",5,6,6,7,transparency,55_65,man,uk,bachelors_degree,not_currently_working,6,
yes,everyday,2_4_hours,7,7,7,6,7,4,7,7,7,7,5,2,5,4,4,3,6,3,2,5,I find myself using AI more for checking up on company's I'm thinking of investing in these days it's way more time efficient. sometimes you do have to double check yourself though that information is correct.,5,6,3,7,accountability;honesty;responsibility,45_54,man,uk,some_university_college,employed_full_time,7,
yes,often,5_6_hours,4,6,6,6,6,3,5,5,5,6,4,4,5,6,7,5,6,3,4,5,Dealing with a family member who has a drug addiction. AI gave me a new perspective and possible strategies to make positive progress.,6,7,5,5,honesty;human_wellbeing;transparency,55_65,man,ca,some_university_college,self_employed,6,
yes,everyday,7_8_hours,7,7,5,6,7,2,4,6,5,7,7,4,4,5,3,4,6,3,2,6,I used AI for booking holidays specifically hotel. AI narrowed down the choices and did a lot of the legwork for me.,6,5,4,7,empathy;respect;transparency,55_65,man,ca,bachelors_degree,employed_full_time,5,
yes,everyday,7_8_hours,4,5,5,5,5,2,1,5,3,5,5,5,5,5,5,2,4,3,3,4,I needed to decide between two ski jackets - AI helped me with the pros and cons of each,5,4,7,4,accountability;honesty;responsibility,45_54,man,uk,postgraduate_degree,employed_full_time,4,
yes,often,5_6_hours,2,4,2,2,5,2,5,5,3,3,3,5,6,6,6,7,6,6,5,5,I asked the AI to recommend me a few restaurants that I can go to with a friend. Then I asked it to make the best recommendation on which of the recommended restaurants I should go to. I was out of ideas as to where to go out to eat.,5,5,7,4,honesty;non_harm;transparency,25_34,woman,us,postgraduate_degree,employed_full_time,6,
yes,everyday,gt_12_hours,4,5,6,7,7,6,7,7,7,7,7,7,7,7,7,7,6,6,6,7,I used it to double check something re: taxes. i know it probally knows more about taxes than i do,7,7,7,7,fairness;human_wellbeing;transparency,35_44,woman,ca,some_university_college,employed_full_time,2,
yes,sometimes,2_4_hours,5,6,4,3,5,5,6,4,3,4,3,3,5,4,6,5,3,3,5,6,"I recently used AI to help me interpret medical lab results. At my direction, AI removed most of the medical jargon in the original results and presented a more understandable report.",5,6,4,4,empathy;honesty;human_wellbeing,over_65,man,us,postgraduate_degree,not_currently_working,5,
yes,sometimes,2_4_hours,4,4,1,4,5,1,6,4,2,6,2,2,4,2,4,2,6,2,2,6,I asked AI when I should plant a Lemon tree in my area.  I wanted infromation on a subject I knew nothing about.,4,6,4,5,fairness;honesty;transparency,55_65,man,us,bachelors_degree,employed_full_time,6,
yes,everyday,2_4_hours,3,6,6,5,7,5,5,6,5,6,6,5,3,3,6,3,6,3,3,6,"My daughter is going through some mental health issues that I find very difficult to relate to. I wanted to ensure that I approached things with her having an informed, un biased and well  balanced perspective. AI helped me see things in a way that my intuition wouldn't have considered (My instinct would have been to 'get a grip') It slowed me down, made me see things differently, considered how my daughter was perceiving things in comparison to how I was perceiving things. Ultimately, this led to us having a conversation where she felt seen and heard and let to a positive outcome. Without AI assisting me with how to deal with the situation, I can guarantee that it wouldn't have gone as well  as it did.",6,5,5,5,empathy;honesty;transparency,45_54,woman,uk,bachelors_degree,self_employed,3,
yes,very_often,9_10_hours,1,5,2,3,6,1,3,4,5,5,2,5,5,6,7,7,6,6,4,5,"when i am not too sure what to cook for dinner in order to meet nutritious requirement for a day, i would like to ask AI to act as a nutritionist to analyse what i already ate and what i am still lacking. AI usually gives me some good suggestion that i didn't think of.",5,6,6,6,honesty;non_harm;responsibility,35_44,man,uk,postgraduate_degree,employed_full_time,7,
yes,often,5_6_hours,6,7,6,7,7,2,6,7,5,6,5,4,6,4,3,3,6,6,2,5,"I have ADHD and poor decision making is part of that for me, I use AI a lot to help because since doing this - my life has drastically improved. Just yesterday I asked Claude to structure my day for me and told it what I needed to accomplish and followed the plan. For the first holiday in my life, I wasn't a basket case and it was because of AI",7,7,7,7,empathy;human_wellbeing;responsibility,45_54,woman,us,some_university_college,not_currently_working,5,
yes,sometimes,5_6_hours,2,3,3,3,3,2,3,2,2,4,2,1,4,3,6,7,2,1,1,2,I was looking for a nice place to stay between two geographical points - I thought AI might be better at finding the right place,4,5,6,4,fairness;honesty;responsibility,45_54,woman,uk,high_school,employed_part_time,3,
yes,often,7_8_hours,4,5,5,5,5,5,4,5,5,5,3,6,5,5,7,4,4,5,5,6,I needed a historical context. I wanted to find out from AI if Something was a trend or an outlier. So I would say that I used a Eye to supplement my understanding.,2,5,4,2,accountability;honesty;responsibility,over_65,woman,us,postgraduate_degree,not_currently_working,3,
yes,everyday,5_6_hours,3,6,5,5,5,6,6,6,6,6,5,5,6,5,4,6,5,6,4,6,I changed my decision in visiting Osaka after I got more information from ChatGPT since ChatGPT summarized the plan in a more persuasive way.,5,6,6,5,accountability;responsibility;transparency,45_54,man,us,postgraduate_degree,employed_full_time,4,
yes,everyday,7_8_hours,6,7,7,6,6,2,2,6,6,6,7,7,7,3,6,2,7,6,7,6,i was checking on the best hotel to book a stay of my weekend,7,7,7,7,empathy;non_harm;responsibility,35_44,man,us,postgraduate_degree,not_currently_working,7,
yes,very_often,2_4_hours,3,6,4,6,6,3,6,6,4,5,3,3,2,3,4,4,5,5,2,7,I was trying to make some decisions with my finances and used AI for ideas as to what was the best thing to do for a positive outcome .,5,7,2,5,honesty;non_harm;transparency,45_54,woman,uk,some_university_college,other,5,
yes,often,11_12_hours,5,4,1,1,1,1,4,1,1,1,1,1,4,1,1,7,1,1,5,1,i've never used AI to help me make a decision,1,5,6,1,non_harm;responsibility;transparency,25_34,woman,uk,postgraduate_degree,employed_full_time,6,
yes,sometimes,lt_2_hours,3,5,3,5,5,5,5,5,4,5,4,6,3,4,7,5,5,6,6,4,"I wanted to confirm a decision on a research direction, I was looking for confirmation that the research question was worthwhile. On reflection, I was looking for reassurance.",4,6,5,4,human_wellbeing;non_harm;transparency,35_44,woman,nz,postgraduate_degree,student,5,
yes,often,2_4_hours,5,6,5,5,5,1,3,5,5,6,4,5,5,5,5,4,5,4,4,5,I needed to install a complex piece of software on my personal PC. Using AI helped in the step by step process of the instalation.,3,6,4,6,honesty;human_wellbeing;non_harm,55_65,man,ca,bachelors_degree,employed_full_time,6,
yes,everyday,9_10_hours,2,5,1,2,1,1,1,6,4,2,1,1,4,1,7,7,1,1,1,4,"I interviewed for a job that I thought had a lot of red flags and then I got offered that job and my instinct still told me something was off, but I accepted it anyway. The first two days of the job was horrendous. So many red flags. I went to an AI tool and told it everything I had been experiencing. I asked what it thought about my decision to quit and it summarized everything I had told it about this employer. After seeing everything in front of my face, I knew I was making the right decision. AI was just a catalyst for helping me see the big picture of what I experienced.",4,7,1,7,human_wellbeing;non_harm;transparency,35_44,woman,us,postgraduate_degree,employed_full_time,2,
yes,everyday,7_8_hours,2,2,2,2,4,3,4,4,2,3,2,3,3,5,5,5,3,3,3,2,"I do not use AI tools to help me in everyday decision making, I don't feel it's competence is in this sphere. I use AI for information and time saving purposes, and even on the information I would check the accuracy.",3,6,4,3,honesty;non_harm;responsibility,45_54,man,uk,postgraduate_degree,employed_full_time,6,
yes,occasionally,2_4_hours,5,3,4,6,6,2,2,6,2,5,3,2,5,2,2,2,2,2,2,2,I just needed to talk my feelings and ideas out to someone or rather machine,5,5,3,6,accountability;human_wellbeing;respect,45_54,woman,ca,postgraduate_degree,employed_part_time,5,
yes,rarely,7_8_hours,1,1,1,1,4,5,5,4,2,2,1,2,5,5,6,6,4,5,3,3,"I honestly don't think I have ever relied on an AI tool to make a decision. I use them for asking straightforward factual questions, that's it.",2,1,6,3,accountability;honesty;responsibility,55_65,woman,uk,postgraduate_degree,self_employed,4,
yes,sometimes,gt_12_hours,1,1,1,4,4,1,2,4,1,1,1,1,1,2,7,4,3,2,1,1,"i was comparing some bank accounts with weird interest rates and rules, so I wanted to know which would be better for me and my savings",1,1,1,1,accountability;honesty;transparency,35_44,woman,uk,high_school,self_employed,1,
yes,very_often,7_8_hours,4,4,4,2,4,2,4,2,2,4,2,4,4,5,5,5,4,4,4,4,when i wanted to find out what my landlord can do to get me evicted,5,5,4,2,honesty;non_harm;transparency,55_65,woman,uk,bachelors_degree,self_employed,4,
yes,very_often,5_6_hours,6,6,6,6,6,2,3,6,6,6,6,7,6,7,6,6,7,7,6,7,"it was about my trip, i had to rely on AI on all necessary documents needed.",6,7,6,7,accountability;empathy;transparency,25_34,woman,ca,bachelors_degree,employed_part_time,5,
yes,often,gt_12_hours,7,7,7,4,7,1,4,5,4,5,1,4,2,4,3,4,6,5,5,5,"A recent moment where I relied on an AI tool was when I was choosing between two different software subscriptions for work. Both options seemed good on the surface, but each had different features, pricing tiers, and long-term commitments. I felt myself getting stuck in the usual loop of overthinking comparing tiny details, worrying I'd regret picking the wrong one, and bouncing between multiple tabs. I turned to an AI tool because I wanted a neutral breakdown without the stress spiral. Instead of sifting through reviews for an hour, the AI summarized the key differencs, highlighted what mattered most based on my needs, and pointed out potential drawbacks I hadn't considered. It didn't make the decision forme, but it made the path to a decision feel clearer. The main reason I chose AI in that moment was the convenience: it was fast, organized the information better than I could on my own, and removed a lot of the emotional noise from the process.",5,4,5,5,human_wellbeing;responsibility;transparency,45_54,woman,us,bachelors_degree,employed_full_time,5,
yes,rarely,11_12_hours,1,1,1,1,1,1,1,1,1,1,1,1,1,1,1,1,1,1,1,1,I asked it to solve a tough math problem and write it's solution. Then I double checked it. I asked AI because I'm super bad at math.,1,3,5,1,accountability;responsibility;transparency,35_44,man,us,high_school,not_currently_working,2,
yes,everyday,7_8_hours,7,4,5,7,5,4,5,5,4,5,6,5,4,4,7,7,4,7,7,6,I wanted to check my understanding of my property boundaries. I checked with AI as I wanted to make sure I understand properly before proceeding with building plans.,3,6,3,3,empathy;honesty;responsibility,35_44,woman,uk,postgraduate_degree,employed_full_time,6,
yes,very_often,5_6_hours,3,4,5,4,5,2,4,4,3,3,3,5,5,5,6,4,5,5,5,5,When trying to determine appropriate sizing for a piece of art I was buying and how it would look in the space I have.  I wasn't sure if my calculations were right.,5,6,5,5,fairness;human_wellbeing;transparency,35_44,woman,us,bachelors_degree,employed_full_time,5,
yes,sometimes,gt_12_hours,3,6,4,7,7,1,7,4,4,6,7,4,4,2,5,5,7,4,1,5,Not having the confidence. Wanting to gather the right information in something if I was going with this decision cause it was important to find out.,7,7,7,7,accountability;fairness;respect,35_44,man,us,high_school,not_currently_working,4,
yes,rarely,2_4_hours,1,4,2,2,5,2,4,2,2,1,1,1,2,4,5,7,4,2,1,6,I wanted to double-check that I was understanding the situation correctly.,5,6,6,4,honesty;responsibility;transparency,55_65,woman,uk,bachelors_degree,self_employed,5,
yes,occasionally,11_12_hours,1,1,1,1,1,1,1,1,1,1,1,1,1,1,1,1,1,1,1,1,i have used it in the past to help me decide what direction i should go when making a character build for the game baldur's gate 3. i decided to see what it would suggest because i was inducive in my though process.,1,7,2,1,,35_44,woman,us,some_university_college,employed_full_time,5,none
yes,everyday,5_6_hours,6,7,7,5,5,2,3,5,2,5,5,1,1,1,1,1,3,1,1,1,"I turned to AI to check whether i should go the GP for hair loss. It gave me advice, encouragement and recommendations and it was much better than the GP.",6,5,5,4,empathy;human_wellbeing;transparency,25_34,woman,uk,some_university_college,employed_part_time,3,
yes,often,2_4_hours,4,6,6,5,6,3,5,4,3,5,4,4,4,3,5,3,5,5,3,4,Whether and when I should mix with elderly people when ill,4,5,4,5,non_harm;responsibility;transparency,45_54,woman,uk,high_school,self_employed,6,
yes,often,9_10_hours,3,3,2,2,4,2,2,3,2,2,3,2,2,2,7,6,3,3,2,5,"I am a casual sports bettor so I tend to use AI to reinforce some ideas I'll have for a bet I want to place or a prop I am interested in. I'll tend to turn to the AI to get probability statistics and any suggestions for better odds and things of that sort where they can streamline a lot of the process for me instead of me manually searching myself. If the stats it provides make sense and the projections seem sound, it just reinforces my own ideas and I'll feel more confident in my bet.",4,5,4,3,honesty;non_harm;transparency,35_44,man,ca,bachelors_degree,employed_full_time,4,
yes,very_often,9_10_hours,3,3,2,5,4,1,6,3,3,5,3,3,3,5,5,6,3,3,5,2,I used it for my statistical decisions in my thesis. It was good but I know the mo0st of the decision and I can follow its decisions,3,4,5,2,non_harm;responsibility;transparency,25_34,man,ca,postgraduate_degree,employed_full_time,5,
yes,everyday,7_8_hours,5,6,6,4,6,3,6,6,4,5,3,2,4,1,2,4,2,2,2,4,"I was looking for sunglasses at a good price. I found an online store with low price. To which the gpt chat saaid that this was not a very good store with bad reviews, poor support service, and therefore i decided not to buy in this store.",5,6,3,4,honesty;human_wellbeing;non_harm,45_54,woman,us,high_school,employed_part_time,6,
yes,everyday,7_8_hours,1,3,1,5,6,1,3,1,1,5,2,1,1,1,7,7,1,1,6,2,"I needed a solution on how to fix a piece of clothing that had shrunk after washing. I wanted to save time and that's why I asked the AI to find the solution for me. Then I asked the AI if there is a scientific evidence that the solution could actually work, because I didn't want to waste my time to try something that may not work. It gave me pretty good explanation.",4,7,3,6,empathy;fairness;non_harm,45_54,woman,ca,postgraduate_degree,self_employed,7,
yes,sometimes,5_6_hours,6,5,4,5,6,6,7,5,6,6,5,6,6,6,7,7,5,6,6,5,"I was tying to find some noise cancelling headphones under a spefiic price but I needed the noise cancellation feature to be for the reciever, not for me. I used it to do research quickly and recieve suggestions with certain featues and under a certain budget.",5,6,4,4,honesty;human_wellbeing;transparency,25_34,man,us,some_university_college,employed_full_time,4,
yes,very_often,9_10_hours,5,5,5,5,5,5,3,6,3,5,4,5,5,6,6,6,6,6,5,5,I turned to AI to help me decide what to cook while I only had few random ingredients because it was much quicker than figuring it out myself.,6,6,7,6,honesty;human_wellbeing;transparency,25_34,woman,us,bachelors_degree,employed_full_time,5,
yes,everyday,7_8_hours,4,5,5,6,6,3,6,7,5,6,6,6,5,5,5,6,5,5,5,6,"It was on a structure for a book I have of my own personal interests i.e favorite films, songs, tv shows. I wanted AI's advice on the structure and confirming what episodes certain scenes were on, or when a film or song was published.",6,6,6,6,accountability;respect;transparency,35_44,man,uk,other,self_employed,5,
yes,everyday,2_4_hours,4,6,3,5,6,2,4,6,4,6,4,2,2,3,4,3,3,5,3,5,For an exam booking date I was really confused and ask for AI openion saying my challenges and average time for that exam usually candidates to discuss pros and cons to come to an informed decision.,5,6,5,5,honesty;human_wellbeing;transparency,35_44,woman,uk,postgraduate_degree,employed_part_time,6,
yes,very_often,2_4_hours,3,6,5,5,6,3,6,6,3,5,5,2,2,2,4,5,5,4,4,5,"When I was baking banana bread I didn't know what to do because I had less bananas than the recipe stated. My first thought was maybe to add an extra egg. I asked chatgtp what I could do, and they said not to add an egg, instead add some milk for the moisture.",3,4,5,5,fairness;non_harm;transparency,18_24,woman,uk,high_school,student,4,
yes,everyday,7_8_hours,5,5,6,5,7,5,5,6,6,5,4,6,5,4,5,4,4,4,2,5,"I trusted AI to help me decide which job opportunity to accept by weighing up the pro and cons in depth alongside talking it out. I feel it was the best way to tackle this proble,",5,3,4,5,empathy;honesty;responsibility,35_44,woman,uk,bachelors_degree,employed_full_time,5,
yes,often,5_6_hours,3,4,5,4,6,3,5,4,3,5,3,3,7,5,4,3,5,3,2,6,"I had to purchase a new item but was stuck between two, so I used AI to help me decide. I could measure more objective features easily using AI",4,5,5,6,honesty;human_wellbeing;transparency,25_34,man,uk,bachelors_degree,employed_full_time,6,
yes,often,7_8_hours,2,4,1,5,6,1,5,1,1,5,1,4,6,1,1,6,4,5,1,6,needed advice noone was around to ask,5,6,5,5,fairness;non_harm;transparency,55_65,woman,us,high_school,employed_full_time,6,
yes,often,gt_12_hours,3,2,3,4,3,5,5,4,4,5,3,3,3,3,6,7,4,5,4,7,I wanted to decide a diet for CKD patients. I found that my understanding was wrong when AI double-checked AI's suggestions.,4,5,6,4,fairness;honesty;transparency,45_54,man,ie,postgraduate_degree,employed_full_time,3,
yes,sometimes,5_6_hours,5,7,4,4,6,5,3,5,7,6,6,5,7,4,3,5,7,3,6,5,I relied on AI to help me make a debt repayment plan. It's difficult and time consuming to do this on my own.,7,5,5,6,human_wellbeing;non_harm;respect,25_34,woman,uk,some_university_college,employed_full_time,3,
yes,rarely,2_4_hours,1,1,1,1,1,1,1,1,1,1,1,1,1,1,1,1,1,1,1,1,i used it a couple of times in work for ideas,1,7,1,1,fairness;honesty;non_harm,45_54,woman,uk,some_university_college,employed_part_time,7,
yes,often,9_10_hours,5,4,4,4,5,3,5,5,3,5,1,7,5,5,7,6,4,7,3,7,I was trying to come up with ideas for a logo design for a competition and used AI to get ideas. I chose to use it because I am just not a super creative person and was experiencing a creative block as well so using this tool helped unlock the blockage and made the task easier at the same time.,4,7,7,2,accountability;non_harm;transparency,45_54,woman,us,some_university_college,self_employed,1,
yes,sometimes,lt_2_hours,2,2,2,2,4,2,4,2,2,2,2,1,4,4,5,6,2,2,4,3,"I had a problem with using an excel spreadsheet,  My choices were to leave what I was doing, start again, ring someone.  I decided to give AI a chance and after a bit of tooing and froing getting description I needed in the question my problem was resolved and you can keep the transcript for future reference.  Pros - I got the job done without bothering anyone quite late at night.  Cons - it would have been quicker to make a phone call to the right person",3,5,5,3,accountability;non_harm;transparency,over_65,woman,uk,high_school,other,6,
yes,very_often,9_10_hours,7,7,5,5,6,2,5,5,2,5,3,2,2,1,3,3,5,5,2,5,I was experiencing a health issue that lasted over several months. I was not getting any positive results from my family physician. After multiple rounds of medications and testing I was having no relief from my symptoms. I documented my experience and put it into IA and asked for alternative supplements or natural remedies. I was willing to try anything to feel better. After following the recommendations and suggestions from AI I started to feel better. I am now over my health issue and I believe it was the alternative medicinal advise I was given that made a difference.,6,6,5,6,fairness;non_harm;transparency,45_54,woman,ca,bachelors_degree,employed_full_time,6,
yes,occasionally,5_6_hours,4,7,4,4,7,2,7,7,4,7,4,3,7,7,4,7,4,1,1,4,I would say the time I asked the AI a question about if a certain bank was in the area it allowed to make a decision sooner rather than later because I didn't know all the banks in the area.,5,4,1,5,honesty;responsibility;transparency,45_54,man,us,high_school,self_employed,7,
yes,rarely,5_6_hours,7,1,1,1,1,1,1,1,1,1,1,1,1,7,7,7,1,1,1,1,"To be honest, as can be seen from my answers, I really don't use AI tools for any serious decision-making in my personal or professional life. The nearest that I would come is reading over the Google AI sugestions at the top of a search page, but I find that these are wrong about 50% of the time so I always scroll down to an actual source.",3,7,4,1,honesty;human_wellbeing;non_harm,45_54,woman,ca,postgraduate_degree,employed_full_time,6,
yes,sometimes,9_10_hours,4,4,2,4,5,3,3,2,1,1,1,1,1,1,7,7,1,1,1,1,I was contemplating whether to send an email to my child's principal because of an incident that occurred or if I should appear in person. I went to AI to see what it could suggest and of course see what it could gather from the internet in regards to what others have done in my situation. It was good to see the other options that I could take so utilizing AI was helpful in that moment.,2,7,1,6,fairness;human_wellbeing;non_harm,35_44,woman,us,postgraduate_degree,employed_full_time,4,
yes,very_often,2_4_hours,7,7,7,7,7,1,1,7,7,7,7,7,7,7,7,7,7,7,1,7,more accurate information,7,7,7,7,honesty;responsibility;transparency,55_65,woman,us,bachelors_degree,employed_full_time,7,
yes,very_often,gt_12_hours,4,3,5,5,6,2,6,5,5,5,6,5,5,4,5,3,6,5,4,6,I was deciding which chicken shop to get dinner from and asked AI as i couldn't make up my own mind,5,5,6,4,fairness;honesty;non_harm,45_54,woman,uk,bachelors_degree,employed_full_time,5,
yes,sometimes,5_6_hours,2,5,5,6,6,2,5,2,2,6,5,2,6,4,7,7,6,5,5,5,"I was tasked with organising a team-building event. for my team. I needed to decide where to go for my Team Building day. I was uncertain, so I asked an AI tool  for options and advice. The AI was extremely helpful in priding me with appropriate options.",6,5,6,4,honesty;human_wellbeing;non_harm,55_65,woman,uk,postgraduate_degree,employed_part_time,5,
yes,rarely,2_4_hours,1,1,1,1,1,1,3,1,1,1,1,4,5,5,6,7,2,3,1,1,"Sometimes I read the Google AI search result before going deeper.  If it sounds consistent with my though ton what the answers should be, I will generally accept that.  If not, I dive deeper.  I never rely on AI alone and rarely use specific AI tools on their own.",1,6,5,2,non_harm;responsibility;transparency,45_54,woman,ca,postgraduate_degree,employed_full_time,5,
yes,sometimes,5_6_hours,5,6,6,5,6,3,5,5,5,6,5,4,5,3,3,3,5,3,2,5,"i asked advice on how to be more efficient on my daily tasks and while i think i have been on the right path and making improvements on my own, knowing that AI is good for these kind of questions i did use it as a second opinion and it did in fact help me improve on my productivity so i'll continue to do this in the future.",5,6,4,6,honesty;human_wellbeing;non_harm,35_44,man,us,high_school,self_employed,5,
yes,sometimes,2_4_hours,4,5,4,4,4,2,4,4,4,4,5,4,4,4,4,3,4,4,4,5,"Using AI to search for directions to find an address, which helped avoid traffic at the time",5,4,4,4,accountability;human_wellbeing;transparency,25_34,man,uk,bachelors_degree,employed_full_time,5,
yes,everyday,9_10_hours,6,6,7,6,6,4,6,6,6,6,6,7,6,4,4,3,7,3,2,6,"I was deciding between laptops , so I entered the specs for both laptops to get an idea of what the AI thought and it was pretty instrumental in helping me make a good decision.",7,5,6,6,honesty;human_wellbeing;responsibility,25_34,man,us,high_school,employed_full_time,5,
yes,often,5_6_hours,5,7,7,5,7,3,5,7,5,6,6,5,6,5,7,5,6,5,4,6,"I was deciding on what watch to buy, I and I turned to AI, because I wanted to know about durability, accuracy, etc., and not just appearance.",6,7,6,4,fairness;honesty;transparency,55_65,man,us,postgraduate_degree,employed_full_time,5,
yes,sometimes,lt_2_hours,6,6,6,6,6,4,4,5,5,5,5,5,5,5,6,6,4,6,6,6,I used AI to help me find the best tires for my truck,6,6,5,5,non_harm;responsibility;transparency,55_65,man,us,postgraduate_degree,employed_full_time,6,
yes,occasionally,lt_2_hours,3,2,3,1,2,1,1,1,1,1,1,1,1,1,4,7,1,1,2,6,Looking for a  alternative to a food product,4,5,5,4,fairness;transparency,55_65,man,uk,some_university_college,not_currently_working,3,
yes,occasionally,2_4_hours,1,1,4,1,5,2,3,2,1,1,1,4,5,6,4,7,4,5,6,7,"I used AI to come with a list of suggestions for a present I could buy for my workplace's Christmas gift exchange. I had no idea and just used one of the suggestions I got from AI rather than coming up with an idea by myself. I used AI because I really had zero idea what to get and it didn't feel massively important, combined with the fact that I genuinely liked a lot of the suggestions it came up with.",3,6,5,3,accountability;honesty;transparency,45_54,woman,nz,bachelors_degree,employed_full_time,5,
yes,everyday,7_8_hours,5,7,7,7,7,2,6,6,6,7,7,5,4,2,4,2,5,4,2,6,"Making decisions to purchase something during the Steam black friday sale, I used AI to help me formulate a plan of games to try, check their price history trends, and make a decision on whether to wait or not on some purchases given that history. I turned to AI because I find that I often act indecisively and can over obsess over things for a long period of time, and AI helps me sort of just brute force push through that and make decisions more efficiently.",6,4,5,4,honesty;human_wellbeing;respect,18_24,man,us,bachelors_degree,self_employed,5,
yes,everyday,9_10_hours,3,5,3,3,4,4,5,3,3,4,3,3,4,6,6,6,4,2,3,5,"I was juggling a couple of Christmas gift ideas for my nephew, and struggling to choose which would be best. I was leaning in one direction, and explained the situation to AI. It helped to validate the direction I was leaning toward.",4,6,6,5,fairness;human_wellbeing;transparency,35_44,man,ca,bachelors_degree,employed_full_time,5,
yes,often,2_4_hours,3,5,4,6,6,1,6,6,2,5,2,2,4,2,6,2,3,1,2,6,I don't tend to use AI to make decisions for me. I use it to gather information and make suggestions or recommendations. It all decisions are mine and mine alone.,6,6,3,5,fairness;honesty;human_wellbeing,45_54,woman,uk,bachelors_degree,employed_part_time,5,
yes,often,2_4_hours,6,6,5,5,6,5,6,6,5,6,5,6,6,5,6,6,6,5,5,6,relied on AI to draft an email quickly due to time pressure.,5,6,5,6,honesty;human_wellbeing;transparency,25_34,man,uk,bachelors_degree,employed_full_time,5,
yes,very_often,9_10_hours,2,3,2,3,5,2,3,3,2,2,2,2,2,3,5,5,3,3,3,5,i used Ai to help me decide on changing business banks.  Ai was faster comparinhg products than i was.  its advice was similar to what i would have decided,5,6,6,5,honesty;non_harm;responsibility,55_65,man,uk,bachelors_degree,self_employed,6,
